id,order_id,inventory_item_id,sku,name,description,image_url,quantity,unit_price_cents,subtotal_cents,tax_cents,discount_cents,total_cents,quantity_fulfilled,quantity_refunded,is_refundable,metadata,notes,created_at,updated_at,list_price_cents,product_type,digital_delivery_status,digital_delivered_at,variant_id,variant_name,variant_attributes
item_1768069869576_r18gi0qxh,ord_1768069869464_g83drphm7,,TEST-001,Test Product,A test product,,2,1999,3998,0,0,3998,0,0,t,{},,2026-01-10 18:31:09.585,2026-01-10 18:31:09.577,,physical,pending,,,,
item_1768069886139_48hylnenw,ord_1768069886057_j1kmbuwmz,,ITEM-001,Product A,,,1,2999,2999,0,0,2999,0,0,t,{},,2026-01-10 18:31:26.141,2026-01-10 18:31:26.139,,physical,pending,,,,
item_1768069886139_lurcs439m,ord_1768069886057_j1kmbuwmz,,ITEM-002,Product B,,,3,1499,4497,0,0,4497,0,0,t,{},,2026-01-10 18:31:26.141,2026-01-10 18:31:26.139,,physical,pending,,,,
item_1768069886139_1ulan88tk,ord_1768069886057_j1kmbuwmz,,ITEM-003,Product C,,,2,999,1998,0,0,1998,0,0,t,{},,2026-01-10 18:31:26.141,2026-01-10 18:31:26.139,,physical,pending,,,,
item_1768074634382_ku21f2t6n,ord_1768074634282_n2z1ocrs6,,TEST-PAY-001,Payment Test Product,Product for payment testing,,1,5000,5000,0,0,5000,0,0,t,{},,2026-01-10 19:50:34.386,2026-01-10 19:50:34.382,,physical,pending,,,,
item_1768074653164_jv05r2d81,ord_1768074653088_ifyl7pbc7,,TEST-CHARGE-001,Direct Charge Product,,,2,2500,5000,0,0,5000,0,0,t,{},,2026-01-10 19:50:53.166,2026-01-10 19:50:53.164,,physical,pending,,,,
item_1768075349736_mch9i30of,ord_1768075349636_228ulcbgm,,TEST-PAY-001,Payment Test Product,Product for payment testing,,1,5000,5000,0,0,5000,0,0,t,{},,2026-01-10 20:02:29.739,2026-01-10 20:02:29.736,,physical,pending,,,,
item_1768075369745_ivcg2inzr,ord_1768075369665_xwj71c4o3,,TEST-CHARGE-001,Direct Charge Product,,,2,2500,5000,0,0,5000,0,0,t,{},,2026-01-10 20:02:49.748,2026-01-10 20:02:49.745,,physical,pending,,,,
item_1768075457884_80bpo12lq,ord_1768075457776_r51ko9ryj,,TEST-PAY-001,Payment Test Product,Product for payment testing,,1,5000,5000,0,0,5000,0,0,t,{},,2026-01-10 20:04:17.886,2026-01-10 20:04:17.885,,physical,pending,,,,
item_1768075476519_has3ldpxr,ord_1768075476440_g8enloso0,,TEST-CHARGE-001,Direct Charge Product,,,2,2500,5000,0,0,5000,0,0,t,{},,2026-01-10 20:04:36.521,2026-01-10 20:04:36.519,,physical,pending,,,,
item_1768075751939_fhnov60p7,ord_1768075751864_st0jm83o8,,TEST-PAY-001,Payment Test Product,Product for payment testing,,1,5000,5000,0,0,5000,0,0,t,{},,2026-01-10 20:09:11.943,2026-01-10 20:09:11.939,,physical,pending,,,,
item_1768075770314_j9pe05iw9,ord_1768075770241_pz61i4uys,,TEST-CHARGE-001,Direct Charge Product,,,2,2500,5000,0,0,5000,0,0,t,{},,2026-01-10 20:09:30.317,2026-01-10 20:09:30.314,,physical,pending,,,,
item_1768076648264_fzfvbooud,ord_1768076648144_18u2gcgan,,TEST-PAY-001,Payment Test Product,Product for payment testing,,1,5000,5000,0,0,5000,0,0,t,{},,2026-01-10 20:24:08.267,2026-01-10 20:24:08.264,,physical,pending,,,,
item_1768076667590_6uik3ow1x,ord_1768076667513_bh1exuwh1,,TEST-CHARGE-001,Direct Charge Product,,,2,2500,5000,0,0,5000,0,0,t,{},,2026-01-10 20:24:27.594,2026-01-10 20:24:27.59,,physical,pending,,,,
item_1768076846211_qlafy7jb7,ord_1768076846084_ow2ywgmie,,TEST-PAY-001,Payment Test Product,Product for payment testing,,1,5000,5000,0,0,5000,0,0,t,{},,2026-01-10 20:27:26.216,2026-01-10 20:27:26.211,,physical,pending,,,,
item_1768076865061_isctryak1,ord_1768076864982_xet3u1dfd,,TEST-CHARGE-001,Direct Charge Product,,,2,2500,5000,0,0,5000,0,0,t,{},,2026-01-10 20:27:45.063,2026-01-10 20:27:45.061,,physical,pending,,,,
item_1768077151850_dfs4t6xpa,ord_1768077151739_qvayabzhi,,TEST-PAY-001,Payment Test Product,Product for payment testing,,1,5000,5000,0,0,5000,0,0,t,{},,2026-01-10 20:32:31.853,2026-01-10 20:32:31.85,,physical,pending,,,,
item_1768077172198_rfgpjqzne,ord_1768077172095_nqm9k6xjz,,TEST-CHARGE-001,Direct Charge Product,,,2,2500,5000,0,0,5000,0,0,t,{},,2026-01-10 20:32:52.2,2026-01-10 20:32:52.198,,physical,pending,,,,
item_1768077402832_ub7y732qx,ord_1768077402751_0o53ny0sa,,TEST-PAY-001,Payment Test Product,Product for payment testing,,1,5000,5000,0,0,5000,0,0,t,{},,2026-01-10 20:36:42.836,2026-01-10 20:36:42.832,,physical,pending,,,,
item_1768077424585_idwrigsh8,ord_1768077424508_ummmdnauc,,TEST-CHARGE-001,Direct Charge Product,,,2,2500,5000,0,0,5000,0,0,t,{},,2026-01-10 20:37:04.587,2026-01-10 20:37:04.585,,physical,pending,,,,
item_1768077572940_sscydqu76,ord_1768077572861_4igcs2ydd,,TEST-PAY-001,Payment Test Product,Product for payment testing,,1,5000,5000,0,0,5000,0,0,t,{},,2026-01-10 20:39:32.942,2026-01-10 20:39:32.94,,physical,pending,,,,
item_1768077594752_v0w79fj9y,ord_1768077594674_75g49jz5o,,TEST-CHARGE-001,Direct Charge Product,,,2,2500,5000,0,0,5000,0,0,t,{},,2026-01-10 20:39:54.754,2026-01-10 20:39:54.752,,physical,pending,,,,
oiid-oid-tid-qki0mjdb-9tk0cmaq-ix99,oid-tid-qki0mjdb-9tk0cmaq,sid-8dwe7wpu,qsid-1766436571328,Galactic Quest Laser Tag 2-Player Set,"A thrilling laser tag set for two players, perfect for dynamic indoor and outdoor play.",https://nbwsiobosqawrugnqddo.supabase.co/storage/v1/object/public/photos/t-v84j50g0/products/i-6la5jgvm/original-1765116087133.jpg,1,3499,3499,0,0,3499,0,0,t,{},,2026-04-21 15:34:08.409,2026-04-21 15:34:08.408,3499,physical,pending,,,,
oiid-oid-tid-qki0mjdb-9tk0cmaq-exkb,oid-tid-qki0mjdb-9tk0cmaq,sid-88ub7ku6,qsid-1766530676994,Riviera Luxe Teak Sectional Sofa,A luxurious outdoor sectional sofa crafted from premium Grade A teak.,https://nbwsiobosqawrugnqddo.supabase.co/storage/v1/object/public/photos/tid-r6cccpag/products/sid-uxripgbb/original-1766530798977.jpg,1,599500,599500,0,0,599500,0,0,t,{},,2026-04-21 15:34:08.409,2026-04-21 15:34:08.408,599500,physical,pending,,,,
oiid-oid-tid-042hi7ju-nxior4yo-02gi,oid-tid-042hi7ju-nxior4yo,sid-6ktioup0,qsid-1766436571328,Galactic Quest Laser Tag 2-Player Set,"A thrilling laser tag set for two players, perfect for dynamic indoor and outdoor play.",https://nbwsiobosqawrugnqddo.supabase.co/storage/v1/object/public/photos/t-v84j50g0/products/i-6la5jgvm/original-1765116087133.jpg,1,3499,3499,0,0,3499,0,0,t,{},,2026-04-22 00:38:35.402,2026-04-22 00:38:35.395,3499,physical,pending,,,,
oiid-oid-tid-jcvzufq2-iag7n5cs-kyrj,oid-tid-jcvzufq2-iag7n5cs,sid-hckwvq6a,qsid-1766436571331,The Alchemist by Paulo Coelho (Paperback),A special 25th anniversary edition of Paulo Coelho's extraordinary international bestselling phenomenon—the inspiring spiritual tale of self-discovery.,https://nbwsiobosqawrugnqddo.supabase.co/storage/v1/object/public/photos/tid-r6cccpag/products/sid-05kwmoez/original-1766436751061.jpg,1,1599,1599,0,0,1599,0,0,t,{},,2026-04-22 21:33:59.326,2026-04-22 21:33:59.308,1599,physical,pending,,,,
oiid-oid-tid-qki0mjdb-luxn9q5t-jsje,oid-tid-qki0mjdb-luxn9q5t,sid-hb6vj3z4,qsid-1766436571327,Trailblazer Lightweight Hiking Backpack - 30L,"A lightweight, durable backpack designed for day hikes and outdoor adventures.",https://nbwsiobosqawrugnqddo.supabase.co/storage/v1/object/public/photos/tid-r6cccpag/products/sid-lug2msna/original-1766436716307.jpg,1,5999,5999,0,0,5999,0,0,t,{},,2026-04-22 21:35:43.268,2026-04-22 21:35:43.263,5999,physical,pending,,,,
oiid-oid-tid-qki0mjdb-5fr7slat-enxo,oid-tid-qki0mjdb-5fr7slat,sid-hb6vj3z4,qsid-1766436571327,Trailblazer Lightweight Hiking Backpack - 30L,"A lightweight, durable backpack designed for day hikes and outdoor adventures.",https://nbwsiobosqawrugnqddo.supabase.co/storage/v1/object/public/photos/tid-r6cccpag/products/sid-lug2msna/original-1766436716307.jpg,1,5999,5999,0,0,5999,0,0,t,{},,2026-04-22 22:27:17.016,2026-04-22 22:27:17.008,5999,physical,pending,,,,
oiid-oid-tid-jcvzufq2-b101og5l-b95r,oid-tid-jcvzufq2-b101og5l,sid-rq1ez51e,qsid-1766436571322,GreenThumb 3-Tier Wooden Plant Stand,A sturdy and stylish 3-tier wooden plant stand perfect for showcasing your indoor plants.,https://nbwsiobosqawrugnqddo.supabase.co/storage/v1/object/public/photos/t-v84j50g0/products/i-jsc25fau/original-1765116034671.jpg,1,4999,4999,0,0,4999,0,0,t,{},,2026-04-22 22:56:14.649,2026-04-22 22:56:14.633,4999,physical,pending,,,,
oiid-oid-tid-042hi7ju-xmzkr167-n6ck,oid-tid-042hi7ju-xmzkr167,,TEST-PRODUCT-123,Test Product,Test product for fulfillment scheduling,,1,999,999,0,0,999,0,0,t,{},,2026-05-02 05:27:49.742,2026-05-02 05:27:49.738,,physical,pending,,,,null
oiid-oid-tid-qki0mjdb-bpx5ueqm-09i4,oid-tid-qki0mjdb-bpx5ueqm,sid-8dwe7wpu,qsid-1766436571328,Galactic Quest Laser Tag 2-Player Set,"A thrilling laser tag set for two players, perfect for dynamic indoor and outdoor play.",https://nbwsiobosqawrugnqddo.supabase.co/storage/v1/object/public/photos/t-v84j50g0/products/i-6la5jgvm/original-1765116087133.jpg,1,3499,3499,0,0,3499,0,0,t,{},,2026-04-21 15:42:45.509,2026-04-21 15:42:45.506,3499,physical,pending,,,,
oiid-oid-tid-042hi7ju-z62tqf1n-ot5o,oid-tid-042hi7ju-z62tqf1n,sid-6ktioup0,qsid-1766436571328,Galactic Quest Laser Tag 2-Player Set,"A thrilling laser tag set for two players, perfect for dynamic indoor and outdoor play.",https://nbwsiobosqawrugnqddo.supabase.co/storage/v1/object/public/photos/t-v84j50g0/products/i-6la5jgvm/original-1765116087133.jpg,1,3499,3499,0,0,3499,0,0,t,{},,2026-04-22 00:38:35.932,2026-04-22 00:38:35.924,3499,physical,pending,,,,
oiid-oid-tid-qki0mjdb-71ijqoy6-kvqt,oid-tid-qki0mjdb-71ijqoy6,sid-hb6vj3z4,qsid-1766436571327,Trailblazer Lightweight Hiking Backpack - 30L,"A lightweight, durable backpack designed for day hikes and outdoor adventures.",https://nbwsiobosqawrugnqddo.supabase.co/storage/v1/object/public/photos/tid-r6cccpag/products/sid-lug2msna/original-1766436716307.jpg,1,5999,5999,0,0,5999,0,0,t,{},,2026-04-22 21:42:33.291,2026-04-22 21:42:33.277,5999,physical,pending,,,,
oiid-oid-tid-qki0mjdb-ja43b951-o1hq,oid-tid-qki0mjdb-ja43b951,sid-hb6vj3z4,qsid-1766436571327,Trailblazer Lightweight Hiking Backpack - 30L,"A lightweight, durable backpack designed for day hikes and outdoor adventures.",https://nbwsiobosqawrugnqddo.supabase.co/storage/v1/object/public/photos/tid-r6cccpag/products/sid-lug2msna/original-1766436716307.jpg,1,5999,5999,0,0,5999,0,0,t,{},,2026-04-22 21:53:39.831,2026-04-22 21:53:39.816,5999,physical,pending,,,,
oiid-oid-tid-qki0mjdb-5p6tjnpc-wa5t,oid-tid-qki0mjdb-5p6tjnpc,sid-hb6vj3z4,qsid-1766436571327,Trailblazer Lightweight Hiking Backpack - 30L,"A lightweight, durable backpack designed for day hikes and outdoor adventures.",https://nbwsiobosqawrugnqddo.supabase.co/storage/v1/object/public/photos/tid-r6cccpag/products/sid-lug2msna/original-1766436716307.jpg,1,5999,5999,0,0,5999,0,0,t,{},,2026-04-22 22:27:16.979,2026-04-22 22:27:16.943,5999,physical,pending,,,,
oiid-oid-tid-qki0mjdb-7l5aapao-b30y,oid-tid-qki0mjdb-7l5aapao,sid-hb6vj3z4,qsid-1766436571327,Trailblazer Lightweight Hiking Backpack - 30L,"A lightweight, durable backpack designed for day hikes and outdoor adventures.",https://nbwsiobosqawrugnqddo.supabase.co/storage/v1/object/public/photos/tid-r6cccpag/products/sid-lug2msna/original-1766436716307.jpg,1,5999,5999,0,0,5999,0,0,t,{},,2026-04-22 22:32:47.811,2026-04-22 22:32:47.805,5999,physical,pending,,,,
oiid-oid-tid-qki0mjdb-02xhxhkr-xeac,oid-tid-qki0mjdb-02xhxhkr,sid-hb6vj3z4,qsid-1766436571327,Trailblazer Lightweight Hiking Backpack - 30L,"A lightweight, durable backpack designed for day hikes and outdoor adventures.",https://nbwsiobosqawrugnqddo.supabase.co/storage/v1/object/public/photos/tid-r6cccpag/products/sid-lug2msna/original-1766436716307.jpg,1,5999,5999,0,0,5999,0,0,t,{},,2026-04-22 22:32:57.105,2026-04-22 22:32:57.099,5999,physical,pending,,,,
oiid-oid-tid-jcvzufq2-b101og5l-irp0,oid-tid-jcvzufq2-b101og5l,sid-hckwvq6a,qsid-1766436571331,The Alchemist by Paulo Coelho (Paperback),A special 25th anniversary edition of Paulo Coelho's extraordinary international bestselling phenomenon—the inspiring spiritual tale of self-discovery.,https://nbwsiobosqawrugnqddo.supabase.co/storage/v1/object/public/photos/tid-r6cccpag/products/sid-05kwmoez/original-1766436751061.jpg,1,1599,1599,0,0,1599,0,0,t,{},,2026-04-22 22:56:14.649,2026-04-22 22:56:14.633,1599,physical,pending,,,,
oiid-oid-tid-jcvzufq2-9kvvaxbz-gouz,oid-tid-jcvzufq2-9kvvaxbz,sid-hckwvq6a,qsid-1766436571331,The Alchemist by Paulo Coelho (Paperback),A special 25th anniversary edition of Paulo Coelho's extraordinary international bestselling phenomenon—the inspiring spiritual tale of self-discovery.,https://nbwsiobosqawrugnqddo.supabase.co/storage/v1/object/public/photos/tid-r6cccpag/products/sid-05kwmoez/original-1766436751061.jpg,1,1599,1599,0,0,1599,0,0,t,{},,2026-04-23 00:22:52.715,2026-04-23 00:22:52.71,1599,physical,pending,,,,
oiid-oid-R4KG-i1c87k2q-v6o5,oid-R4KG-i1c87k2q,,TEST-PRODUCT-123,Test Product,Test product for fulfillment scheduling,,1,999,999,0,0,999,0,0,t,{},,2026-05-02 05:57:33.801,2026-05-02 05:57:33.797,,physical,pending,,,,null
oiid-oid-R4KG-zdlmuya4-jk7h,oid-R4KG-zdlmuya4,pid-R4KG-qz3cfdvr,R4KG-PHYS-SHIP-PUBL-QZKB,"Birds Eye Steamfresh Broccoli Florets, 5 oz Plus","Fresh frozen broccoli florets, perfect for a quick and healthy side.",https://nbwsiobosqawrugnqddo.supabase.co/storage/v1/object/public/photos/t-m11e6ur7/products/i-4thay43d/original-1765232859130.jpg,1,229,229,0,0,229,0,0,t,{},,2026-05-03 09:59:49.514,2026-05-03 09:59:49.509,229,physical,pending,,,,
oiid-oid-R4KG-fqsz9moj-n7lz,oid-R4KG-fqsz9moj,pid-R4KG-qz3cfdvr,R4KG-PHYS-SHIP-PUBL-QZKB,"Birds Eye Steamfresh Broccoli Florets, 5 oz Plus","Fresh frozen broccoli florets, perfect for a quick and healthy side.",https://nbwsiobosqawrugnqddo.supabase.co/storage/v1/object/public/photos/t-m11e6ur7/products/i-4thay43d/original-1765232859130.jpg,1,229,229,0,0,229,0,0,t,{},,2026-05-03 10:07:08.566,2026-05-03 10:07:08.564,229,physical,pending,,,,
oiid-oid-R4KG-stfqthud-g5h1,oid-R4KG-stfqthud,pid-R4KG-qz3cfdvr,R4KG-PHYS-SHIP-PUBL-QZKB,"Birds Eye Steamfresh Broccoli Florets, 5 oz Plus","Fresh frozen broccoli florets, perfect for a quick and healthy side.",https://nbwsiobosqawrugnqddo.supabase.co/storage/v1/object/public/photos/t-m11e6ur7/products/i-4thay43d/original-1765232859130.jpg,1,229,229,0,0,229,0,0,t,{},,2026-05-03 10:09:22.009,2026-05-03 10:09:22.006,229,physical,pending,,,,
oiid-oid-R4KG-irx5ja1o-fqao,oid-R4KG-irx5ja1o,pid-R4KG-qz3cfdvr,R4KG-PHYS-SHIP-PUBL-QZKB,"Birds Eye Steamfresh Broccoli Florets, 5 oz Plus","Fresh frozen broccoli florets, perfect for a quick and healthy side.",https://nbwsiobosqawrugnqddo.supabase.co/storage/v1/object/public/photos/t-m11e6ur7/products/i-4thay43d/original-1765232859130.jpg,1,229,229,0,0,229,0,0,t,{},,2026-05-03 10:10:31.47,2026-05-03 10:10:31.468,229,physical,pending,,,,
oiid-oid-R4KG-pqnll382-d4x5,oid-R4KG-pqnll382,pid-R4KG-qz3cfdvr,R4KG-PHYS-SHIP-PUBL-QZKB,"Birds Eye Steamfresh Broccoli Florets, 5 oz Plus","Fresh frozen broccoli florets, perfect for a quick and healthy side.",https://nbwsiobosqawrugnqddo.supabase.co/storage/v1/object/public/photos/t-m11e6ur7/products/i-4thay43d/original-1765232859130.jpg,1,229,229,0,0,229,0,0,t,{},,2026-05-03 10:12:30.62,2026-05-03 10:12:30.619,229,physical,pending,,,,
oiid-oid-R4KG-ly5anb0h-bath,oid-R4KG-ly5anb0h,pid-R4KG-qz3cfdvr,R4KG-PHYS-SHIP-PUBL-QZKB,"Birds Eye Steamfresh Broccoli Florets, 5 oz Plus","Fresh frozen broccoli florets, perfect for a quick and healthy side.",https://nbwsiobosqawrugnqddo.supabase.co/storage/v1/object/public/photos/t-m11e6ur7/products/i-4thay43d/original-1765232859130.jpg,1,229,229,0,0,229,0,0,t,{},,2026-05-03 10:12:38.163,2026-05-03 10:12:38.162,229,physical,pending,,,,
oiid-oid-R4KG-v8eb09lt-xwq0,oid-R4KG-v8eb09lt,pid-R4KG-qz3cfdvr,R4KG-PHYS-SHIP-PUBL-QZKB,"Birds Eye Steamfresh Broccoli Florets, 5 oz Plus","Fresh frozen broccoli florets, perfect for a quick and healthy side.",https://nbwsiobosqawrugnqddo.supabase.co/storage/v1/object/public/photos/t-m11e6ur7/products/i-4thay43d/original-1765232859130.jpg,1,229,229,0,0,229,0,0,t,{},,2026-05-03 10:14:54.594,2026-05-03 10:14:54.591,229,physical,pending,,,,
oiid-oid-tid-qki0mjdb-vjkzlprl-xj8t,oid-tid-qki0mjdb-vjkzlprl,sid-8dwe7wpu,qsid-1766436571328,Galactic Quest Laser Tag 2-Player Set,"A thrilling laser tag set for two players, perfect for dynamic indoor and outdoor play.",https://nbwsiobosqawrugnqddo.supabase.co/storage/v1/object/public/photos/t-v84j50g0/products/i-6la5jgvm/original-1765116087133.jpg,1,3499,3499,0,0,3499,0,0,t,{},,2026-04-21 15:42:45.99,2026-04-21 15:42:45.984,3499,physical,pending,,,,
oiid-oid-tid-qki0mjdb-s2ljhu8h-i4no,oid-tid-qki0mjdb-s2ljhu8h,sid-8dwe7wpu,qsid-1766436571328,Galactic Quest Laser Tag 2-Player Set,"A thrilling laser tag set for two players, perfect for dynamic indoor and outdoor play.",https://nbwsiobosqawrugnqddo.supabase.co/storage/v1/object/public/photos/t-v84j50g0/products/i-6la5jgvm/original-1765116087133.jpg,1,3499,3499,0,0,3499,0,0,t,{},,2026-04-21 15:48:38.709,2026-04-21 15:48:38.703,3499,physical,pending,,,,
oiid-oid-tid-qki0mjdb-reudkfdd-ovah,oid-tid-qki0mjdb-reudkfdd,sid-hb6vj3z4,qsid-1766436571327,Trailblazer Lightweight Hiking Backpack - 30L,"A lightweight, durable backpack designed for day hikes and outdoor adventures.",https://nbwsiobosqawrugnqddo.supabase.co/storage/v1/object/public/photos/tid-r6cccpag/products/sid-lug2msna/original-1766436716307.jpg,1,5999,5999,0,0,5999,0,0,t,{},,2026-04-22 20:45:49.532,2026-04-22 20:45:49.529,5999,physical,pending,,,,
oiid-oid-tid-qki0mjdb-lkptwi93-x1ee,oid-tid-qki0mjdb-lkptwi93,sid-hb6vj3z4,qsid-1766436571327,Trailblazer Lightweight Hiking Backpack - 30L,"A lightweight, durable backpack designed for day hikes and outdoor adventures.",https://nbwsiobosqawrugnqddo.supabase.co/storage/v1/object/public/photos/tid-r6cccpag/products/sid-lug2msna/original-1766436716307.jpg,1,5999,5999,0,0,5999,0,0,t,{},,2026-04-22 21:42:33.321,2026-04-22 21:42:33.3,5999,physical,pending,,,,
oiid-oid-tid-qki0mjdb-h0vwxckt-cioc,oid-tid-qki0mjdb-h0vwxckt,sid-hb6vj3z4,qsid-1766436571327,Trailblazer Lightweight Hiking Backpack - 30L,"A lightweight, durable backpack designed for day hikes and outdoor adventures.",https://nbwsiobosqawrugnqddo.supabase.co/storage/v1/object/public/photos/tid-r6cccpag/products/sid-lug2msna/original-1766436716307.jpg,1,5999,5999,0,0,5999,0,0,t,{},,2026-04-22 22:32:57.113,2026-04-22 22:32:57.106,5999,physical,pending,,,,
oiid-oid-tid-jcvzufq2-mglnp5pl-08us,oid-tid-jcvzufq2-mglnp5pl,sid-rq1ez51e,qsid-1766436571322,GreenThumb 3-Tier Wooden Plant Stand,A sturdy and stylish 3-tier wooden plant stand perfect for showcasing your indoor plants.,https://nbwsiobosqawrugnqddo.supabase.co/storage/v1/object/public/photos/t-v84j50g0/products/i-jsc25fau/original-1765116034671.jpg,1,4999,4999,0,0,4999,0,0,t,{},,2026-04-22 23:05:06.619,2026-04-22 23:05:06.604,4999,physical,pending,,,,
oiid-oid-tid-jcvzufq2-mglnp5pl-ywwg,oid-tid-jcvzufq2-mglnp5pl,sid-hckwvq6a,qsid-1766436571331,The Alchemist by Paulo Coelho (Paperback),A special 25th anniversary edition of Paulo Coelho's extraordinary international bestselling phenomenon—the inspiring spiritual tale of self-discovery.,https://nbwsiobosqawrugnqddo.supabase.co/storage/v1/object/public/photos/tid-r6cccpag/products/sid-05kwmoez/original-1766436751061.jpg,1,1599,1599,0,0,1599,0,0,t,{},,2026-04-22 23:05:06.619,2026-04-22 23:05:06.605,1599,physical,pending,,,,
oiid-oid-tid-jcvzufq2-trdb19ne-zait,oid-tid-jcvzufq2-trdb19ne,sid-rq1ez51e,qsid-1766436571322,GreenThumb 3-Tier Wooden Plant Stand,A sturdy and stylish 3-tier wooden plant stand perfect for showcasing your indoor plants.,https://nbwsiobosqawrugnqddo.supabase.co/storage/v1/object/public/photos/t-v84j50g0/products/i-jsc25fau/original-1765116034671.jpg,1,4999,4999,0,0,4999,0,0,t,{},,2026-04-23 01:23:01.394,2026-04-23 01:23:01.382,4999,physical,pending,,,,
oiid-oid-tid-jcvzufq2-fahgvzfs-7gpt,oid-tid-jcvzufq2-fahgvzfs,sid-rq1ez51e,qsid-1766436571322,GreenThumb 3-Tier Wooden Plant Stand,A sturdy and stylish 3-tier wooden plant stand perfect for showcasing your indoor plants.,https://nbwsiobosqawrugnqddo.supabase.co/storage/v1/object/public/photos/t-v84j50g0/products/i-jsc25fau/original-1765116034671.jpg,1,4999,4999,0,0,4999,0,0,t,{},,2026-04-23 01:23:01.412,2026-04-23 01:23:01.401,4999,physical,pending,,,,
oiid-oid-tid-jcvzufq2-fahgvzfs-acur,oid-tid-jcvzufq2-fahgvzfs,sid-hckwvq6a,qsid-1766436571331,The Alchemist by Paulo Coelho (Paperback),A special 25th anniversary edition of Paulo Coelho's extraordinary international bestselling phenomenon—the inspiring spiritual tale of self-discovery.,https://nbwsiobosqawrugnqddo.supabase.co/storage/v1/object/public/photos/tid-r6cccpag/products/sid-05kwmoez/original-1766436751061.jpg,1,1599,1599,0,0,1599,0,0,t,{},,2026-04-23 01:23:01.412,2026-04-23 01:23:01.401,1599,physical,pending,,,,
oiid-oid-tid-jcvzufq2-trdb19ne-jdcm,oid-tid-jcvzufq2-trdb19ne,sid-hckwvq6a,qsid-1766436571331,The Alchemist by Paulo Coelho (Paperback),A special 25th anniversary edition of Paulo Coelho's extraordinary international bestselling phenomenon—the inspiring spiritual tale of self-discovery.,https://nbwsiobosqawrugnqddo.supabase.co/storage/v1/object/public/photos/tid-r6cccpag/products/sid-05kwmoez/original-1766436751061.jpg,1,1599,1599,0,0,1599,0,0,t,{},,2026-04-23 01:23:01.394,2026-04-23 01:23:01.382,1599,physical,pending,,,,
oiid-oid-R4KG-nyegr8iz-vn93,oid-R4KG-nyegr8iz,,TEST-PRODUCT-123,Test Product,Test product for fulfillment scheduling,,1,999,999,0,0,999,0,0,t,{},,2026-05-02 06:15:26.301,2026-05-02 06:15:26.296,,physical,pending,,,,null
oiid-oid-R4KG-x89z61vy-maf8,oid-R4KG-x89z61vy,pid-R4KG-qz3cfdvr,R4KG-PHYS-SHIP-PUBL-QZKB,"Birds Eye Steamfresh Broccoli Florets, 5 oz Plus","Fresh frozen broccoli florets, perfect for a quick and healthy side.",https://nbwsiobosqawrugnqddo.supabase.co/storage/v1/object/public/photos/t-m11e6ur7/products/i-4thay43d/original-1765232859130.jpg,1,229,229,0,0,229,0,0,t,{},,2026-05-03 09:59:49.75,2026-05-03 09:59:49.746,229,physical,pending,,,,
oiid-oid-R4KG-34eyimui-5a4j,oid-R4KG-34eyimui,pid-R4KG-qz3cfdvr,R4KG-PHYS-SHIP-PUBL-QZKB,"Birds Eye Steamfresh Broccoli Florets, 5 oz Plus","Fresh frozen broccoli florets, perfect for a quick and healthy side.",https://nbwsiobosqawrugnqddo.supabase.co/storage/v1/object/public/photos/t-m11e6ur7/products/i-4thay43d/original-1765232859130.jpg,1,229,229,0,0,229,0,0,t,{},,2026-05-03 10:09:21.971,2026-05-03 10:09:21.969,229,physical,pending,,,,
oiid-oid-R4KG-9yke4im9-q760,oid-R4KG-9yke4im9,pid-R4KG-qz3cfdvr,R4KG-PHYS-SHIP-PUBL-QZKB,"Birds Eye Steamfresh Broccoli Florets, 5 oz Plus","Fresh frozen broccoli florets, perfect for a quick and healthy side.",https://nbwsiobosqawrugnqddo.supabase.co/storage/v1/object/public/photos/t-m11e6ur7/products/i-4thay43d/original-1765232859130.jpg,1,229,229,0,0,229,0,0,t,{},,2026-05-03 10:10:39.673,2026-05-03 10:10:39.672,229,physical,pending,,,,
oiid-oid-R4KG-7n57rtv2-u608,oid-R4KG-7n57rtv2,pid-R4KG-qz3cfdvr,R4KG-PHYS-SHIP-PUBL-QZKB,"Birds Eye Steamfresh Broccoli Florets, 5 oz Plus","Fresh frozen broccoli florets, perfect for a quick and healthy side.",https://nbwsiobosqawrugnqddo.supabase.co/storage/v1/object/public/photos/t-m11e6ur7/products/i-4thay43d/original-1765232859130.jpg,1,229,229,0,0,229,0,0,t,{},,2026-05-03 10:12:30.663,2026-05-03 10:12:30.662,229,physical,pending,,,,
oiid-oid-R4KG-mrme1ntx-6d7c,oid-R4KG-mrme1ntx,pid-R4KG-qz3cfdvr,R4KG-PHYS-SHIP-PUBL-QZKB,"Birds Eye Steamfresh Broccoli Florets, 5 oz Plus","Fresh frozen broccoli florets, perfect for a quick and healthy side.",https://nbwsiobosqawrugnqddo.supabase.co/storage/v1/object/public/photos/t-m11e6ur7/products/i-4thay43d/original-1765232859130.jpg,1,229,229,0,0,229,0,0,t,{},,2026-05-03 10:12:38.164,2026-05-03 10:12:38.163,229,physical,pending,,,,
oiid-oid-tid-qki0mjdb-fn5tt2dh-zj0x,oid-tid-qki0mjdb-fn5tt2dh,sid-8dwe7wpu,qsid-1766436571328,Galactic Quest Laser Tag 2-Player Set,"A thrilling laser tag set for two players, perfect for dynamic indoor and outdoor play.",https://nbwsiobosqawrugnqddo.supabase.co/storage/v1/object/public/photos/t-v84j50g0/products/i-6la5jgvm/original-1765116087133.jpg,1,3499,3499,0,0,3499,0,0,t,{},,2026-04-21 15:48:38.974,2026-04-21 15:48:38.97,3499,physical,pending,,,,
oiid-oid-tid-qki0mjdb-fpxx2gzt-f7fj,oid-tid-qki0mjdb-fpxx2gzt,sid-8dwe7wpu,qsid-1766436571328,Galactic Quest Laser Tag 2-Player Set,"A thrilling laser tag set for two players, perfect for dynamic indoor and outdoor play.",https://nbwsiobosqawrugnqddo.supabase.co/storage/v1/object/public/photos/t-v84j50g0/products/i-6la5jgvm/original-1765116087133.jpg,1,3499,3499,0,0,3499,0,0,t,{},,2026-04-21 15:49:30.302,2026-04-21 15:49:30.293,3499,physical,pending,,,,
oiid-oid-tid-jcvzufq2-fdja08x4-z8jy,oid-tid-jcvzufq2-fdja08x4,sid-rq1ez51e,qsid-1766436571322,GreenThumb 3-Tier Wooden Plant Stand,A sturdy and stylish 3-tier wooden plant stand perfect for showcasing your indoor plants.,https://nbwsiobosqawrugnqddo.supabase.co/storage/v1/object/public/photos/t-v84j50g0/products/i-jsc25fau/original-1765116034671.jpg,1,4999,4999,0,0,4999,0,0,t,{},,2026-04-22 21:23:51.223,2026-04-22 21:23:51.214,4999,physical,pending,,,,
oiid-oid-tid-jcvzufq2-fdja08x4-tk59,oid-tid-jcvzufq2-fdja08x4,sid-hckwvq6a,qsid-1766436571331,The Alchemist by Paulo Coelho (Paperback),A special 25th anniversary edition of Paulo Coelho's extraordinary international bestselling phenomenon—the inspiring spiritual tale of self-discovery.,https://nbwsiobosqawrugnqddo.supabase.co/storage/v1/object/public/photos/tid-r6cccpag/products/sid-05kwmoez/original-1766436751061.jpg,1,1599,1599,0,0,1599,0,0,t,{},,2026-04-22 21:23:51.223,2026-04-22 21:23:51.214,1599,physical,pending,,,,
oiid-oid-tid-qki0mjdb-ked2myqj-dzz6,oid-tid-qki0mjdb-ked2myqj,sid-hb6vj3z4,qsid-1766436571327,Trailblazer Lightweight Hiking Backpack - 30L,"A lightweight, durable backpack designed for day hikes and outdoor adventures.",https://nbwsiobosqawrugnqddo.supabase.co/storage/v1/object/public/photos/tid-r6cccpag/products/sid-lug2msna/original-1766436716307.jpg,1,5999,5999,0,0,5999,0,0,t,{},,2026-04-22 21:53:39.799,2026-04-22 21:53:39.791,5999,physical,pending,,,,
oiid-oid-tid-jcvzufq2-mbj17zhv-hn1x,oid-tid-jcvzufq2-mbj17zhv,sid-rq1ez51e,qsid-1766436571322,GreenThumb 3-Tier Wooden Plant Stand,A sturdy and stylish 3-tier wooden plant stand perfect for showcasing your indoor plants.,https://nbwsiobosqawrugnqddo.supabase.co/storage/v1/object/public/photos/t-v84j50g0/products/i-jsc25fau/original-1765116034671.jpg,1,4999,4999,0,0,4999,0,0,t,{},,2026-04-22 22:08:32.064,2026-04-22 22:08:32.049,4999,physical,pending,,,,
oiid-oid-tid-jcvzufq2-mbj17zhv-o88n,oid-tid-jcvzufq2-mbj17zhv,sid-hckwvq6a,qsid-1766436571331,The Alchemist by Paulo Coelho (Paperback),A special 25th anniversary edition of Paulo Coelho's extraordinary international bestselling phenomenon—the inspiring spiritual tale of self-discovery.,https://nbwsiobosqawrugnqddo.supabase.co/storage/v1/object/public/photos/tid-r6cccpag/products/sid-05kwmoez/original-1766436751061.jpg,1,1599,1599,0,0,1599,0,0,t,{},,2026-04-22 22:08:32.064,2026-04-22 22:08:32.056,1599,physical,pending,,,,
oiid-oid-tid-qki0mjdb-jrytgz83-jxjz,oid-tid-qki0mjdb-jrytgz83,sid-hb6vj3z4,qsid-1766436571327,Trailblazer Lightweight Hiking Backpack - 30L,"A lightweight, durable backpack designed for day hikes and outdoor adventures.",https://nbwsiobosqawrugnqddo.supabase.co/storage/v1/object/public/photos/tid-r6cccpag/products/sid-lug2msna/original-1766436716307.jpg,1,5999,5999,0,0,5999,0,0,t,{},,2026-04-22 22:49:49.083,2026-04-22 22:49:49.071,5999,physical,pending,,,,
oiid-oid-tid-jcvzufq2-xarjdpqf-9p8e,oid-tid-jcvzufq2-xarjdpqf,sid-rq1ez51e,qsid-1766436571322,GreenThumb 3-Tier Wooden Plant Stand,A sturdy and stylish 3-tier wooden plant stand perfect for showcasing your indoor plants.,https://nbwsiobosqawrugnqddo.supabase.co/storage/v1/object/public/photos/t-v84j50g0/products/i-jsc25fau/original-1765116034671.jpg,1,4999,4999,0,0,4999,0,0,t,{},,2026-04-23 00:13:44.702,2026-04-23 00:13:44.669,4999,physical,pending,,,,
oiid-oid-tid-jcvzufq2-xarjdpqf-ifwq,oid-tid-jcvzufq2-xarjdpqf,sid-hckwvq6a,qsid-1766436571331,The Alchemist by Paulo Coelho (Paperback),A special 25th anniversary edition of Paulo Coelho's extraordinary international bestselling phenomenon—the inspiring spiritual tale of self-discovery.,https://nbwsiobosqawrugnqddo.supabase.co/storage/v1/object/public/photos/tid-r6cccpag/products/sid-05kwmoez/original-1766436751061.jpg,1,1599,1599,0,0,1599,0,0,t,{},,2026-04-23 00:13:44.702,2026-04-23 00:13:44.669,1599,physical,pending,,,,
oiid-oid-tid-042hi7ju-xu2wodk9-1rxt,oid-tid-042hi7ju-xu2wodk9,,TEST-PRODUCT-123,Test Product,Test product for fulfillment scheduling,,1,999,999,0,0,999,0,0,t,{},,2026-05-02 04:48:06.435,2026-05-02 04:48:06.433,,physical,pending,,,,null
oiid-oid-R4KG-yzcm3oqs-fp0q,oid-R4KG-yzcm3oqs,pid-R4KG-qz3cfdvr,R4KG-PHYS-SHIP-PUBL-QZKB,"Birds Eye Steamfresh Broccoli Florets, 5 oz Plus","Fresh frozen broccoli florets, perfect for a quick and healthy side.",https://nbwsiobosqawrugnqddo.supabase.co/storage/v1/object/public/photos/t-m11e6ur7/products/i-4thay43d/original-1765232859130.jpg,1,229,229,0,0,229,0,0,t,{},,2026-05-03 09:53:42.192,2026-05-03 09:53:42.19,229,physical,pending,,,,
oiid-oid-R4KG-93n1ivq2-atq3,oid-R4KG-93n1ivq2,pid-R4KG-qz3cfdvr,R4KG-PHYS-SHIP-PUBL-QZKB,"Birds Eye Steamfresh Broccoli Florets, 5 oz Plus","Fresh frozen broccoli florets, perfect for a quick and healthy side.",https://nbwsiobosqawrugnqddo.supabase.co/storage/v1/object/public/photos/t-m11e6ur7/products/i-4thay43d/original-1765232859130.jpg,1,229,229,0,0,229,0,0,t,{},,2026-05-03 09:53:42.189,2026-05-03 09:53:42.187,229,physical,pending,,,,
oiid-oid-R4KG-dal9m8hk-r7m7,oid-R4KG-dal9m8hk,pid-R4KG-qz3cfdvr,R4KG-PHYS-SHIP-PUBL-QZKB,"Birds Eye Steamfresh Broccoli Florets, 5 oz Plus","Fresh frozen broccoli florets, perfect for a quick and healthy side.",https://nbwsiobosqawrugnqddo.supabase.co/storage/v1/object/public/photos/t-m11e6ur7/products/i-4thay43d/original-1765232859130.jpg,1,229,229,0,0,229,0,0,t,{},,2026-05-03 09:56:08.282,2026-05-03 09:56:08.28,229,physical,pending,,,,
oiid-oid-R4KG-zalwxl9u-d2ag,oid-R4KG-zalwxl9u,pid-R4KG-qz3cfdvr,R4KG-PHYS-SHIP-PUBL-QZKB,"Birds Eye Steamfresh Broccoli Florets, 5 oz Plus","Fresh frozen broccoli florets, perfect for a quick and healthy side.",https://nbwsiobosqawrugnqddo.supabase.co/storage/v1/object/public/photos/t-m11e6ur7/products/i-4thay43d/original-1765232859130.jpg,1,229,229,0,0,229,0,0,t,{},,2026-05-03 10:07:08.511,2026-05-03 10:07:08.509,229,physical,pending,,,,
oiid-oid-R4KG-vzcoa9iq-yjv6,oid-R4KG-vzcoa9iq,pid-R4KG-qz3cfdvr,R4KG-PHYS-SHIP-PUBL-QZKB,"Birds Eye Steamfresh Broccoli Florets, 5 oz Plus","Fresh frozen broccoli florets, perfect for a quick and healthy side.",https://nbwsiobosqawrugnqddo.supabase.co/storage/v1/object/public/photos/t-m11e6ur7/products/i-4thay43d/original-1765232859130.jpg,1,229,229,0,0,229,0,0,t,{},,2026-05-03 10:10:31.449,2026-05-03 10:10:31.447,229,physical,pending,,,,
oiid-oid-R4KG-hz5oug9w-mesu,oid-R4KG-hz5oug9w,pid-R4KG-qz3cfdvr,R4KG-PHYS-SHIP-PUBL-QZKB,"Birds Eye Steamfresh Broccoli Florets, 5 oz Plus","Fresh frozen broccoli florets, perfect for a quick and healthy side.",https://nbwsiobosqawrugnqddo.supabase.co/storage/v1/object/public/photos/t-m11e6ur7/products/i-4thay43d/original-1765232859130.jpg,1,229,229,0,0,229,0,0,t,{},,2026-05-03 10:10:39.696,2026-05-03 10:10:39.694,229,physical,pending,,,,
oiid-oid-tid-qki0mjdb-0b4l8981-cbcv,oid-tid-qki0mjdb-0b4l8981,sid-8dwe7wpu,qsid-1766436571328,Galactic Quest Laser Tag 2-Player Set,"A thrilling laser tag set for two players, perfect for dynamic indoor and outdoor play.",https://nbwsiobosqawrugnqddo.supabase.co/storage/v1/object/public/photos/t-v84j50g0/products/i-6la5jgvm/original-1765116087133.jpg,1,3499,3499,0,0,3499,0,0,t,{},,2026-04-21 15:50:44.405,2026-04-21 15:50:44.397,3499,physical,pending,,,,
oiid-oid-tid-qki0mjdb-nnillya0-4ts3,oid-tid-qki0mjdb-nnillya0,sid-8dwe7wpu,qsid-1766436571328,Galactic Quest Laser Tag 2-Player Set,"A thrilling laser tag set for two players, perfect for dynamic indoor and outdoor play.",https://nbwsiobosqawrugnqddo.supabase.co/storage/v1/object/public/photos/t-v84j50g0/products/i-6la5jgvm/original-1765116087133.jpg,1,3499,3499,0,0,3499,0,0,t,{},,2026-04-21 15:50:45.024,2026-04-21 15:50:45.013,3499,physical,pending,,,,
oiid-oid-tid-jcvzufq2-akf1apwy-1phq,oid-tid-jcvzufq2-akf1apwy,sid-rq1ez51e,qsid-1766436571322,GreenThumb 3-Tier Wooden Plant Stand,A sturdy and stylish 3-tier wooden plant stand perfect for showcasing your indoor plants.,https://nbwsiobosqawrugnqddo.supabase.co/storage/v1/object/public/photos/t-v84j50g0/products/i-jsc25fau/original-1765116034671.jpg,1,4999,4999,0,0,4999,0,0,t,{},,2026-04-22 21:23:52.433,2026-04-22 21:23:52.427,4999,physical,pending,,,,
oiid-oid-tid-jcvzufq2-akf1apwy-k93p,oid-tid-jcvzufq2-akf1apwy,sid-hckwvq6a,qsid-1766436571331,The Alchemist by Paulo Coelho (Paperback),A special 25th anniversary edition of Paulo Coelho's extraordinary international bestselling phenomenon—the inspiring spiritual tale of self-discovery.,https://nbwsiobosqawrugnqddo.supabase.co/storage/v1/object/public/photos/tid-r6cccpag/products/sid-05kwmoez/original-1766436751061.jpg,1,1599,1599,0,0,1599,0,0,t,{},,2026-04-22 21:23:52.433,2026-04-22 21:23:52.427,1599,physical,pending,,,,
oiid-oid-tid-jcvzufq2-dr5czqac-4kzs,oid-tid-jcvzufq2-dr5czqac,sid-rq1ez51e,qsid-1766436571322,GreenThumb 3-Tier Wooden Plant Stand,A sturdy and stylish 3-tier wooden plant stand perfect for showcasing your indoor plants.,https://nbwsiobosqawrugnqddo.supabase.co/storage/v1/object/public/photos/t-v84j50g0/products/i-jsc25fau/original-1765116034671.jpg,1,4999,4999,0,0,4999,0,0,t,{},,2026-04-22 22:08:32.156,2026-04-22 22:08:32.147,4999,physical,pending,,,,
oiid-oid-tid-jcvzufq2-dr5czqac-4yyj,oid-tid-jcvzufq2-dr5czqac,sid-hckwvq6a,qsid-1766436571331,The Alchemist by Paulo Coelho (Paperback),A special 25th anniversary edition of Paulo Coelho's extraordinary international bestselling phenomenon—the inspiring spiritual tale of self-discovery.,https://nbwsiobosqawrugnqddo.supabase.co/storage/v1/object/public/photos/tid-r6cccpag/products/sid-05kwmoez/original-1766436751061.jpg,1,1599,1599,0,0,1599,0,0,t,{},,2026-04-22 22:08:32.156,2026-04-22 22:08:32.147,1599,physical,pending,,,,
oiid-oid-tid-qki0mjdb-9x7iwh56-gkih,oid-tid-qki0mjdb-9x7iwh56,sid-hb6vj3z4,qsid-1766436571327,Trailblazer Lightweight Hiking Backpack - 30L,"A lightweight, durable backpack designed for day hikes and outdoor adventures.",https://nbwsiobosqawrugnqddo.supabase.co/storage/v1/object/public/photos/tid-r6cccpag/products/sid-lug2msna/original-1766436716307.jpg,1,5999,5999,0,0,5999,0,0,t,{},,2026-04-22 22:15:19.654,2026-04-22 22:15:19.459,5999,physical,pending,,,,
oiid-oid-tid-qki0mjdb-s3l12byz-ibjj,oid-tid-qki0mjdb-s3l12byz,sid-hb6vj3z4,qsid-1766436571327,Trailblazer Lightweight Hiking Backpack - 30L,"A lightweight, durable backpack designed for day hikes and outdoor adventures.",https://nbwsiobosqawrugnqddo.supabase.co/storage/v1/object/public/photos/tid-r6cccpag/products/sid-lug2msna/original-1766436716307.jpg,1,5999,5999,0,0,5999,0,0,t,{},,2026-04-22 22:16:00.683,2026-04-22 22:16:00.664,5999,physical,pending,,,,
oiid-oid-tid-qki0mjdb-axs2abts-hozz,oid-tid-qki0mjdb-axs2abts,sid-hb6vj3z4,qsid-1766436571327,Trailblazer Lightweight Hiking Backpack - 30L,"A lightweight, durable backpack designed for day hikes and outdoor adventures.",https://nbwsiobosqawrugnqddo.supabase.co/storage/v1/object/public/photos/tid-r6cccpag/products/sid-lug2msna/original-1766436716307.jpg,1,5999,5999,0,0,5999,0,0,t,{},,2026-04-22 22:16:31.18,2026-04-22 22:16:31.168,5999,physical,pending,,,,
oiid-oid-tid-qki0mjdb-dlr2c2uh-sdau,oid-tid-qki0mjdb-dlr2c2uh,sid-hb6vj3z4,qsid-1766436571327,Trailblazer Lightweight Hiking Backpack - 30L,"A lightweight, durable backpack designed for day hikes and outdoor adventures.",https://nbwsiobosqawrugnqddo.supabase.co/storage/v1/object/public/photos/tid-r6cccpag/products/sid-lug2msna/original-1766436716307.jpg,1,5999,5999,0,0,5999,0,0,t,{},,2026-04-22 22:49:49.054,2026-04-22 22:49:49.026,5999,physical,pending,,,,
oiid-oid-tid-jcvzufq2-v45w0p3x-nhwa,oid-tid-jcvzufq2-v45w0p3x,sid-rq1ez51e,qsid-1766436571322,GreenThumb 3-Tier Wooden Plant Stand,A sturdy and stylish 3-tier wooden plant stand perfect for showcasing your indoor plants.,https://nbwsiobosqawrugnqddo.supabase.co/storage/v1/object/public/photos/t-v84j50g0/products/i-jsc25fau/original-1765116034671.jpg,1,4999,4999,0,0,4999,0,0,t,{},,2026-04-23 00:13:44.74,2026-04-23 00:13:44.704,4999,physical,pending,,,,
oiid-oid-tid-jcvzufq2-v45w0p3x-4hwj,oid-tid-jcvzufq2-v45w0p3x,sid-hckwvq6a,qsid-1766436571331,The Alchemist by Paulo Coelho (Paperback),A special 25th anniversary edition of Paulo Coelho's extraordinary international bestselling phenomenon—the inspiring spiritual tale of self-discovery.,https://nbwsiobosqawrugnqddo.supabase.co/storage/v1/object/public/photos/tid-r6cccpag/products/sid-05kwmoez/original-1766436751061.jpg,1,1599,1599,0,0,1599,0,0,t,{},,2026-04-23 00:13:44.74,2026-04-23 00:13:44.704,1599,physical,pending,,,,
oiid-oid-tid-042hi7ju-4u5g1zev-t26j,oid-tid-042hi7ju-4u5g1zev,,TEST-PRODUCT-123,Test Product,Test product for fulfillment scheduling,,1,999,999,0,0,999,0,0,t,{},,2026-05-02 04:52:35.736,2026-05-02 04:52:35.732,,physical,pending,,,,null
oiid-oid-R4KG-4a4bv7cz-huth,oid-R4KG-4a4bv7cz,pid-R4KG-qz3cfdvr,R4KG-PHYS-SHIP-PUBL-QZKB,"Birds Eye Steamfresh Broccoli Florets, 5 oz Plus","Fresh frozen broccoli florets, perfect for a quick and healthy side.",https://nbwsiobosqawrugnqddo.supabase.co/storage/v1/object/public/photos/t-m11e6ur7/products/i-4thay43d/original-1765232859130.jpg,1,229,229,0,0,229,0,0,t,{},,2026-05-03 09:56:08.245,2026-05-03 09:56:08.242,229,physical,pending,,,,
item-d2a4jnmu,ord-ego8xe2utj,sid-5xpfo6fd,qsid-1766440209115,Eco-Friendly Multi-Color Wool Felt Balls 50pcs,,,1,1599,1599,0,0,1599,0,0,t,{},,2026-01-12 16:55:20.805,2026-01-12 16:55:20.803,,physical,pending,,,,
item-nqmrf7r1,ord-sw1g8r6x10,sid-5xpfo6fd,qsid-1766440209115,Eco-Friendly Multi-Color Wool Felt Balls 50pcs,,,1,1599,1599,0,0,1599,0,0,t,{},,2026-01-12 16:55:20.799,2026-01-12 16:55:20.797,,physical,pending,,,,
item-sfdoxn9d,ord-fmgmjomgx0,sid-jw2g3ftw,qsid-1767098488111,Levi#x27;s 511 Slim Fit Jeans - Men#x27;s 32x32,,,1,6985,6985,0,0,6985,0,0,t,{},,2026-01-12 20:58:03.346,2026-01-12 20:58:03.344,,physical,pending,,,,
item-a2djq0fu,ord-csz6c1gngs,sid-jw2g3ftw,qsid-1767098488111,Levi#x27;s 511 Slim Fit Jeans - Men#x27;s 32x32,,,1,6985,6985,0,0,6985,0,0,t,{},,2026-01-12 20:58:03.338,2026-01-12 20:58:03.336,,physical,pending,,,,
item-a4m3jbon,ord-5ai0wlrjez,sid-qiazuxmt,qsid-1767098488110,"Calvin Klein Cotton Stretch Shirt, Size L",,,1,6999,6999,0,0,6999,0,0,t,{},,2026-01-12 21:23:15.356,2026-01-12 21:23:15.354,,physical,pending,,,,
item-wcl0c20l,ord-iz5xp7b002,sid-qiazuxmt,qsid-1767098488110,"Calvin Klein Cotton Stretch Shirt, Size L",,,1,6999,6999,0,0,6999,0,0,t,{},,2026-01-12 21:23:15.354,2026-01-12 21:23:15.352,,physical,pending,,,,
item-519r5ow1,ord-s3rb8jo95c,sid-pp2p91fy,qsid-1766440209113,"Strathmore Series 400 Sketch Pad, 9x12quot;, 100 Sheets",,,1,1299,1299,0,0,1299,0,0,t,{},,2026-01-12 23:53:39.172,2026-01-12 23:53:39.171,,physical,pending,,,,
oiid-oid-tid-qki0mjdb-4t52i1w1-w0pl,oid-tid-qki0mjdb-4t52i1w1,sid-8dwe7wpu,qsid-1766436571328,Galactic Quest Laser Tag 2-Player Set,"A thrilling laser tag set for two players, perfect for dynamic indoor and outdoor play.",https://nbwsiobosqawrugnqddo.supabase.co/storage/v1/object/public/photos/t-v84j50g0/products/i-6la5jgvm/original-1765116087133.jpg,1,3499,3499,0,0,3499,0,0,t,{},,2026-04-21 16:00:44.461,2026-04-21 16:00:44.46,3499,physical,pending,,,,
oiid-oid-tid-qki0mjdb-4t52i1w1-p7wc,oid-tid-qki0mjdb-4t52i1w1,sid-88ub7ku6,qsid-1766530676994,Riviera Luxe Teak Sectional Sofa,A luxurious outdoor sectional sofa crafted from premium Grade A teak.,https://nbwsiobosqawrugnqddo.supabase.co/storage/v1/object/public/photos/tid-r6cccpag/products/sid-uxripgbb/original-1766530798977.jpg,1,599500,599500,0,0,599500,0,0,t,{},,2026-04-21 16:00:44.461,2026-04-21 16:00:44.46,599500,physical,pending,,,,
oiid-oid-tid-jcvzufq2-xntubvra-79rb,oid-tid-jcvzufq2-xntubvra,sid-rq1ez51e,qsid-1766436571322,GreenThumb 3-Tier Wooden Plant Stand,A sturdy and stylish 3-tier wooden plant stand perfect for showcasing your indoor plants.,https://nbwsiobosqawrugnqddo.supabase.co/storage/v1/object/public/photos/t-v84j50g0/products/i-jsc25fau/original-1765116034671.jpg,1,4999,4999,0,0,4999,0,0,t,{},,2026-04-22 21:33:59.139,2026-04-22 21:33:59.105,4999,physical,pending,,,,
oiid-oid-tid-jcvzufq2-xntubvra-trmt,oid-tid-jcvzufq2-xntubvra,sid-hckwvq6a,qsid-1766436571331,The Alchemist by Paulo Coelho (Paperback),A special 25th anniversary edition of Paulo Coelho's extraordinary international bestselling phenomenon—the inspiring spiritual tale of self-discovery.,https://nbwsiobosqawrugnqddo.supabase.co/storage/v1/object/public/photos/tid-r6cccpag/products/sid-05kwmoez/original-1766436751061.jpg,1,1599,1599,0,0,1599,0,0,t,{},,2026-04-22 21:33:59.139,2026-04-22 21:33:59.106,1599,physical,pending,,,,
oiid-oid-tid-qki0mjdb-wsowwd4g-iyyw,oid-tid-qki0mjdb-wsowwd4g,sid-hb6vj3z4,qsid-1766436571327,Trailblazer Lightweight Hiking Backpack - 30L,"A lightweight, durable backpack designed for day hikes and outdoor adventures.",https://nbwsiobosqawrugnqddo.supabase.co/storage/v1/object/public/photos/tid-r6cccpag/products/sid-lug2msna/original-1766436716307.jpg,1,5999,5999,0,0,5999,0,0,t,{},,2026-04-22 21:35:43.431,2026-04-22 21:35:43.426,5999,physical,pending,,,,
oiid-oid-tid-qki0mjdb-iu0zjrk6-lckj,oid-tid-qki0mjdb-iu0zjrk6,sid-hb6vj3z4,qsid-1766436571327,Trailblazer Lightweight Hiking Backpack - 30L,"A lightweight, durable backpack designed for day hikes and outdoor adventures.",https://nbwsiobosqawrugnqddo.supabase.co/storage/v1/object/public/photos/tid-r6cccpag/products/sid-lug2msna/original-1766436716307.jpg,1,5999,5999,0,0,5999,0,0,t,{},,2026-04-22 22:15:19.231,2026-04-22 22:15:19.111,5999,physical,pending,,,,
oiid-oid-tid-qki0mjdb-k70v0ayf-9fz9,oid-tid-qki0mjdb-k70v0ayf,sid-hb6vj3z4,qsid-1766436571327,Trailblazer Lightweight Hiking Backpack - 30L,"A lightweight, durable backpack designed for day hikes and outdoor adventures.",https://nbwsiobosqawrugnqddo.supabase.co/storage/v1/object/public/photos/tid-r6cccpag/products/sid-lug2msna/original-1766436716307.jpg,1,5999,5999,0,0,5999,0,0,t,{},,2026-04-22 22:16:00.411,2026-04-22 22:16:00.405,5999,physical,pending,,,,
oiid-oid-tid-qki0mjdb-59kctlxn-muk5,oid-tid-qki0mjdb-59kctlxn,sid-hb6vj3z4,qsid-1766436571327,Trailblazer Lightweight Hiking Backpack - 30L,"A lightweight, durable backpack designed for day hikes and outdoor adventures.",https://nbwsiobosqawrugnqddo.supabase.co/storage/v1/object/public/photos/tid-r6cccpag/products/sid-lug2msna/original-1766436716307.jpg,1,5999,5999,0,0,5999,0,0,t,{},,2026-04-22 22:16:31.252,2026-04-22 22:16:31.242,5999,physical,pending,,,,
oiid-oid-tid-qki0mjdb-xr7v8pbb-0w7f,oid-tid-qki0mjdb-xr7v8pbb,sid-hb6vj3z4,qsid-1766436571327,Trailblazer Lightweight Hiking Backpack - 30L,"A lightweight, durable backpack designed for day hikes and outdoor adventures.",https://nbwsiobosqawrugnqddo.supabase.co/storage/v1/object/public/photos/tid-r6cccpag/products/sid-lug2msna/original-1766436716307.jpg,1,5999,5999,0,0,5999,0,0,t,{},,2026-04-22 22:32:47.804,2026-04-22 22:32:47.796,5999,physical,pending,,,,
oiid-oid-tid-jcvzufq2-ngtnshpv-7o7e,oid-tid-jcvzufq2-ngtnshpv,sid-rq1ez51e,qsid-1766436571322,GreenThumb 3-Tier Wooden Plant Stand,A sturdy and stylish 3-tier wooden plant stand perfect for showcasing your indoor plants.,https://nbwsiobosqawrugnqddo.supabase.co/storage/v1/object/public/photos/t-v84j50g0/products/i-jsc25fau/original-1765116034671.jpg,1,4999,4999,0,0,4999,0,0,t,{},,2026-04-22 22:56:14.535,2026-04-22 22:56:14.525,4999,physical,pending,,,,
oiid-oid-tid-jcvzufq2-ngtnshpv-a9cr,oid-tid-jcvzufq2-ngtnshpv,sid-hckwvq6a,qsid-1766436571331,The Alchemist by Paulo Coelho (Paperback),A special 25th anniversary edition of Paulo Coelho's extraordinary international bestselling phenomenon—the inspiring spiritual tale of self-discovery.,https://nbwsiobosqawrugnqddo.supabase.co/storage/v1/object/public/photos/tid-r6cccpag/products/sid-05kwmoez/original-1766436751061.jpg,1,1599,1599,0,0,1599,0,0,t,{},,2026-04-22 22:56:14.535,2026-04-22 22:56:14.525,1599,physical,pending,,,,
oiid-oid-tid-jcvzufq2-opbvd5y7-hx9s,oid-tid-jcvzufq2-opbvd5y7,sid-rq1ez51e,qsid-1766436571322,GreenThumb 3-Tier Wooden Plant Stand,A sturdy and stylish 3-tier wooden plant stand perfect for showcasing your indoor plants.,https://nbwsiobosqawrugnqddo.supabase.co/storage/v1/object/public/photos/t-v84j50g0/products/i-jsc25fau/original-1765116034671.jpg,1,4999,4999,0,0,4999,0,0,t,{},,2026-04-22 23:05:06.506,2026-04-22 23:05:06.496,4999,physical,pending,,,,
oiid-oid-tid-jcvzufq2-opbvd5y7-nutr,oid-tid-jcvzufq2-opbvd5y7,sid-hckwvq6a,qsid-1766436571331,The Alchemist by Paulo Coelho (Paperback),A special 25th anniversary edition of Paulo Coelho's extraordinary international bestselling phenomenon—the inspiring spiritual tale of self-discovery.,https://nbwsiobosqawrugnqddo.supabase.co/storage/v1/object/public/photos/tid-r6cccpag/products/sid-05kwmoez/original-1766436751061.jpg,1,1599,1599,0,0,1599,0,0,t,{},,2026-04-22 23:05:06.506,2026-04-22 23:05:06.496,1599,physical,pending,,,,
oiid-oid-tid-jcvzufq2-9kvvaxbz-tw8b,oid-tid-jcvzufq2-9kvvaxbz,sid-rq1ez51e,qsid-1766436571322,GreenThumb 3-Tier Wooden Plant Stand,A sturdy and stylish 3-tier wooden plant stand perfect for showcasing your indoor plants.,https://nbwsiobosqawrugnqddo.supabase.co/storage/v1/object/public/photos/t-v84j50g0/products/i-jsc25fau/original-1765116034671.jpg,1,4999,4999,0,0,4999,0,0,t,{},,2026-04-23 00:22:52.715,2026-04-23 00:22:52.71,4999,physical,pending,,,,
oiid-oid-tid-jcvzufq2-24c3qelq-jled,oid-tid-jcvzufq2-24c3qelq,sid-rq1ez51e,qsid-1766436571322,GreenThumb 3-Tier Wooden Plant Stand,A sturdy and stylish 3-tier wooden plant stand perfect for showcasing your indoor plants.,https://nbwsiobosqawrugnqddo.supabase.co/storage/v1/object/public/photos/t-v84j50g0/products/i-jsc25fau/original-1765116034671.jpg,1,4999,4999,0,0,4999,0,0,t,{},,2026-04-23 00:22:52.697,2026-04-23 00:22:52.693,4999,physical,pending,,,,
oiid-oid-tid-jcvzufq2-24c3qelq-oq1z,oid-tid-jcvzufq2-24c3qelq,sid-hckwvq6a,qsid-1766436571331,The Alchemist by Paulo Coelho (Paperback),A special 25th anniversary edition of Paulo Coelho's extraordinary international bestselling phenomenon—the inspiring spiritual tale of self-discovery.,https://nbwsiobosqawrugnqddo.supabase.co/storage/v1/object/public/photos/tid-r6cccpag/products/sid-05kwmoez/original-1766436751061.jpg,1,1599,1599,0,0,1599,0,0,t,{},,2026-04-23 00:22:52.697,2026-04-23 00:22:52.693,1599,physical,pending,,,,
item-vvq31d2b,ord-zmo6enwvdw,sid-pp2p91fy,qsid-1766440209113,"Strathmore Series 400 Sketch Pad, 9x12quot;, 100 Sheets",,,1,1299,1299,0,0,1299,0,0,t,{},,2026-01-12 23:53:39.179,2026-01-12 23:53:39.178,,physical,pending,,,,
item-91ns2j3s,ord-14migsi9fi,sid-pp2p91fy,qsid-1766440209113,"Strathmore Series 400 Sketch Pad, 9x12quot;, 100 Sheets",,,1,1299,1299,0,0,1299,0,0,t,{},,2026-01-13 00:40:40.605,2026-01-13 00:40:40.602,,physical,pending,,,,
item-iel3hr9q,ord-csgjg0jypo,sid-pp2p91fy,qsid-1766440209113,"Strathmore Series 400 Sketch Pad, 9x12quot;, 100 Sheets",,,1,1299,1299,0,0,1299,0,0,t,{},,2026-01-13 00:40:40.606,2026-01-13 00:40:40.604,,physical,pending,,,,
item-wvfbbe4g,ord-14migsi9fi,sid-5xpfo6fd,qsid-1766440209115,Eco-Friendly Multi-Color Wool Felt Balls 50pcs,,,1,1599,1599,0,0,1599,0,0,t,{},,2026-01-13 00:40:40.605,2026-01-13 00:40:40.602,,physical,pending,,,,
item-soebk35x,ord-csgjg0jypo,sid-5xpfo6fd,qsid-1766440209115,Eco-Friendly Multi-Color Wool Felt Balls 50pcs,,,1,1599,1599,0,0,1599,0,0,t,{},,2026-01-13 00:40:40.606,2026-01-13 00:40:40.604,,physical,pending,,,,
item-uhgnw7ry,ord-6mjzrofgn0,sid-oivzdbsv,qsid-1767098488109,Evelyn Floral Wrap Dress - M,,,1,5599,5599,0,0,5599,0,0,t,{},,2026-01-13 01:07:45.978,2026-01-13 01:07:45.975,,physical,pending,,,,
item-mwh2pwev,ord-xxv0skwoo9,sid-oivzdbsv,qsid-1767098488109,Evelyn Floral Wrap Dress - M,,,1,5599,5599,0,0,5599,0,0,t,{},,2026-01-13 01:07:46.02,2026-01-13 01:07:46.018,,physical,pending,,,,
item-9mlxrv2o,ord-1uv4wrz4rz,sid-xbjcqzwj,qsid-1766439434276,Acqua di Gio Pour Homme Eau de Toilette 50ml,,,1,8500,8500,0,0,8500,0,0,t,{},,2026-01-13 01:52:50.888,2026-01-13 01:52:50.884,,physical,pending,,,,
item-hwb5vfix,ord-87hkf57zh5,sid-xbjcqzwj,qsid-1766439434276,Acqua di Gio Pour Homme Eau de Toilette 50ml,,,1,8500,8500,0,0,8500,0,0,t,{},,2026-01-13 01:52:50.889,2026-01-13 01:52:50.888,,physical,pending,,,,
item-b5etydfe,ord-vdjmufc680,sid-xbjcqzwj,qsid-1766439434276,Acqua di Gio Pour Homme Eau de Toilette 50ml,,,1,8500,8500,0,0,8500,0,0,t,{},,2026-01-13 01:54:31.464,2026-01-13 01:54:31.463,,physical,pending,,,,
item-0plaq1h3,ord-l4td6o7icx,sid-xbjcqzwj,qsid-1766439434276,Acqua di Gio Pour Homme Eau de Toilette 50ml,,,1,8500,8500,0,0,8500,0,0,t,{},,2026-01-13 01:54:31.462,2026-01-13 01:54:31.46,,physical,pending,,,,
item-9kftwkkh,ord-e11q4rhs9w,sid-xbjcqzwj,qsid-1766439434276,Acqua di Gio Pour Homme Eau de Toilette 50ml,,,1,8500,8500,0,0,8500,0,0,t,{},,2026-01-13 12:15:30.528,2026-01-13 12:15:30.527,,physical,pending,,,,
item-a406l6op,ord-5gfnl1myg7,sid-xbjcqzwj,qsid-1766439434276,Acqua di Gio Pour Homme Eau de Toilette 50ml,,,1,8500,8500,0,0,8500,0,0,t,{},,2026-01-13 12:15:30.505,2026-01-13 12:15:30.5,,physical,pending,,,,
item-u9918w84,ord-1xmhn2jy75,sid-6u6x0h4d,qsid-1767098488108,Gloria High-Waisted Skinny Jeans - Size 6,,https://nbwsiobosqawrugnqddo.supabase.co/storage/v1/object/public/photos/t-ucgs9idl/products/iid-smhxq9hs/original-1765615359928.jpg,1,5999,5999,0,0,5999,0,0,t,{},,2026-01-14 21:28:55.222,2026-01-14 21:28:55.22,,physical,pending,,,,
item-7t3op8no,ord-tuupp595vh,sid-6u6x0h4d,qsid-1767098488108,Gloria High-Waisted Skinny Jeans - Size 6,,https://nbwsiobosqawrugnqddo.supabase.co/storage/v1/object/public/photos/t-ucgs9idl/products/iid-smhxq9hs/original-1765615359928.jpg,1,5999,5999,0,0,5999,0,0,t,{},,2026-01-14 21:28:55.214,2026-01-14 21:28:55.204,,physical,pending,,,,
item-f73sg0un,ord-79zhxres37,sid-6u6x0h4d,qsid-1767098488108,Gloria High-Waisted Skinny Jeans - Size 6,,,1,5999,5999,0,0,5999,0,0,t,{},,2026-01-14 21:29:59.424,2026-01-14 21:29:59.403,,physical,pending,,,,
item-ofhvz7fj,ord-p41xx244j6,sid-6u6x0h4d,qsid-1767098488108,Gloria High-Waisted Skinny Jeans - Size 6,,,1,5999,5999,0,0,5999,0,0,t,{},,2026-01-14 21:29:59.426,2026-01-14 21:29:59.423,,physical,pending,,,,
item-9p6n87i7,ord-8mabw1bvvp,sid-6u6x0h4d,qsid-1767098488108,Gloria High-Waisted Skinny Jeans - Size 6,,https://nbwsiobosqawrugnqddo.supabase.co/storage/v1/object/public/photos/t-ucgs9idl/products/iid-smhxq9hs/original-1765615359928.jpg,1,5999,5999,0,0,5999,0,0,t,{},,2026-01-14 21:30:07.831,2026-01-14 21:30:07.829,,physical,pending,,,,
item-cs9tnubo,ord-s87qpl5eiz,sid-6u6x0h4d,qsid-1767098488108,Gloria High-Waisted Skinny Jeans - Size 6,,https://nbwsiobosqawrugnqddo.supabase.co/storage/v1/object/public/photos/t-ucgs9idl/products/iid-smhxq9hs/original-1765615359928.jpg,1,5999,5999,0,0,5999,0,0,t,{},,2026-01-14 21:30:07.829,2026-01-14 21:30:07.828,,physical,pending,,,,
item-a627ii8p,ord-iy7rvaw8ir,sid-6u6x0h4d,qsid-1767098488108,Gloria High-Waisted Skinny Jeans - Size 6,,https://nbwsiobosqawrugnqddo.supabase.co/storage/v1/object/public/photos/t-ucgs9idl/products/iid-smhxq9hs/original-1765615359928.jpg,1,5999,5999,0,0,5999,0,0,t,{},,2026-01-14 21:32:07.57,2026-01-14 21:32:07.568,,physical,pending,,,,
item-4co36rx3,ord-cpn34xk9uu,sid-6u6x0h4d,qsid-1767098488108,Gloria High-Waisted Skinny Jeans - Size 6,,https://nbwsiobosqawrugnqddo.supabase.co/storage/v1/object/public/photos/t-ucgs9idl/products/iid-smhxq9hs/original-1765615359928.jpg,1,5999,5999,0,0,5999,0,0,t,{},,2026-01-14 21:32:07.602,2026-01-14 21:32:07.599,,physical,pending,,,,
item-ev47rrl6,ord-rav8kndbwf,sid-6u6x0h4d,qsid-1767098488108,Gloria High-Waisted Skinny Jeans - Size 6,,,1,5999,5999,0,0,5999,0,0,t,{},,2026-01-14 21:32:43.17,2026-01-14 21:32:43.167,,physical,pending,,,,
item-ov6h0xst,ord-90xtla6nfr,sid-6u6x0h4d,qsid-1767098488108,Gloria High-Waisted Skinny Jeans - Size 6,,,1,5999,5999,0,0,5999,0,0,t,{},,2026-01-14 21:32:43.167,2026-01-14 21:32:43.164,,physical,pending,,,,
item-47k2nxvc,ord-cm1y4pup12,sid-6u6x0h4d,qsid-1767098488108,Gloria High-Waisted Skinny Jeans - Size 6,,https://nbwsiobosqawrugnqddo.supabase.co/storage/v1/object/public/photos/t-ucgs9idl/products/iid-smhxq9hs/original-1765615359928.jpg,1,5999,5999,0,0,5999,0,0,t,{},,2026-01-14 21:33:25.818,2026-01-14 21:33:25.816,,physical,pending,,,,
item-p59mhkzt,ord-7m3eo13eji,sid-6u6x0h4d,qsid-1767098488108,Gloria High-Waisted Skinny Jeans - Size 6,,https://nbwsiobosqawrugnqddo.supabase.co/storage/v1/object/public/photos/t-ucgs9idl/products/iid-smhxq9hs/original-1765615359928.jpg,1,5999,5999,0,0,5999,0,0,t,{},,2026-01-14 21:33:25.83,2026-01-14 21:33:25.829,,physical,pending,,,,
item-5ignrmmr,ord-eymo1oyov9,sid-6u6x0h4d,qsid-1767098488108,Gloria High-Waisted Skinny Jeans - Size 6,,,1,5999,5999,0,0,5999,0,0,t,{},,2026-01-14 21:33:27.17,2026-01-14 21:33:27.169,,physical,pending,,,,
item-2wm06k6n,ord-t67njn6ywy,sid-6u6x0h4d,qsid-1767098488108,Gloria High-Waisted Skinny Jeans - Size 6,,,1,5999,5999,0,0,5999,0,0,t,{},,2026-01-14 21:33:27.214,2026-01-14 21:33:27.213,,physical,pending,,,,
item-345y5dy9,ord-geheblu9n7,sid-6u6x0h4d,qsid-1767098488108,Gloria High-Waisted Skinny Jeans - Size 6,,https://nbwsiobosqawrugnqddo.supabase.co/storage/v1/object/public/photos/t-ucgs9idl/products/iid-smhxq9hs/original-1765615359928.jpg,1,5999,5999,0,0,5999,0,0,t,{},,2026-01-14 21:39:31.915,2026-01-14 21:39:31.913,,physical,pending,,,,
item-4vvdi4ba,ord-9rkofr18zj,sid-6u6x0h4d,qsid-1767098488108,Gloria High-Waisted Skinny Jeans - Size 6,,https://nbwsiobosqawrugnqddo.supabase.co/storage/v1/object/public/photos/t-ucgs9idl/products/iid-smhxq9hs/original-1765615359928.jpg,1,5999,5999,0,0,5999,0,0,t,{},,2026-01-14 21:39:31.923,2026-01-14 21:39:31.921,,physical,pending,,,,
item-4pb6tcd1,ord-4v5cngxnnj,sid-6u6x0h4d,qsid-1767098488108,Gloria High-Waisted Skinny Jeans - Size 6,,,1,5999,5999,0,0,5999,0,0,t,{},,2026-01-14 21:42:04.647,2026-01-14 21:42:04.645,,physical,pending,,,,
item-dmap4x2t,ord-sjm7dxz3g8,sid-6u6x0h4d,qsid-1767098488108,Gloria High-Waisted Skinny Jeans - Size 6,,,1,5999,5999,0,0,5999,0,0,t,{},,2026-01-14 21:42:04.657,2026-01-14 21:42:04.655,,physical,pending,,,,
item-d2bpbfam,ord-mwvxdgtfdd,sid-6u6x0h4d,qsid-1767098488108,Gloria High-Waisted Skinny Jeans - Size 6,,https://nbwsiobosqawrugnqddo.supabase.co/storage/v1/object/public/photos/t-ucgs9idl/products/iid-smhxq9hs/original-1765615359928.jpg,1,5999,5999,0,0,5999,0,0,t,{},,2026-01-14 21:45:13.762,2026-01-14 21:45:13.757,,physical,pending,,,,
oiid-oid-tid-042hi7ju-t2k3fg0l-nj60,oid-tid-042hi7ju-t2k3fg0l,,TEST-PRODUCT-123,Test Product,Test product for fulfillment scheduling,,1,999,999,0,0,999,0,0,t,{},,2026-05-02 04:56:45.804,2026-05-02 04:56:45.803,,physical,pending,,,,null
item-lzv2zl8t,ord-0q1ga7jodr,sid-6u6x0h4d,qsid-1767098488108,Gloria High-Waisted Skinny Jeans - Size 6,,https://nbwsiobosqawrugnqddo.supabase.co/storage/v1/object/public/photos/t-ucgs9idl/products/iid-smhxq9hs/original-1765615359928.jpg,1,5999,5999,0,0,5999,0,0,t,{},,2026-01-14 21:45:13.782,2026-01-14 21:45:13.781,,physical,pending,,,,
item-sx149b3i,ord-27h3wpqw7y,sid-6u6x0h4d,qsid-1767098488108,Gloria High-Waisted Skinny Jeans - Size 6,,,1,5999,5999,0,0,5999,0,0,t,{},,2026-01-14 21:50:06.037,2026-01-14 21:50:06.035,,physical,pending,,,,
item-oco7xl6d,ord-qkrd20j854,sid-6u6x0h4d,qsid-1767098488108,Gloria High-Waisted Skinny Jeans - Size 6,,,1,5999,5999,0,0,5999,0,0,t,{},,2026-01-14 21:50:06.043,2026-01-14 21:50:06.042,,physical,pending,,,,
item-x7yfylxg,ord-ov46ylcprp,sid-6u6x0h4d,qsid-1767098488108,Gloria High-Waisted Skinny Jeans - Size 6,,https://nbwsiobosqawrugnqddo.supabase.co/storage/v1/object/public/photos/t-ucgs9idl/products/iid-smhxq9hs/original-1765615359928.jpg,1,5999,5999,0,0,5999,0,0,t,{},,2026-01-14 21:52:52.372,2026-01-14 21:52:52.371,,physical,pending,,,,
item-sjwnlp1r,ord-1fzq024fvj,sid-6u6x0h4d,qsid-1767098488108,Gloria High-Waisted Skinny Jeans - Size 6,,https://nbwsiobosqawrugnqddo.supabase.co/storage/v1/object/public/photos/t-ucgs9idl/products/iid-smhxq9hs/original-1765615359928.jpg,1,5999,5999,0,0,5999,0,0,t,{},,2026-01-14 21:52:52.371,2026-01-14 21:52:52.369,,physical,pending,,,,
item-a7of7yae,ord-quaru50jn9,sid-6u6x0h4d,qsid-1767098488108,Gloria High-Waisted Skinny Jeans - Size 6,,,1,5999,5999,0,0,5999,0,0,t,{},,2026-01-14 22:08:26.452,2026-01-14 22:08:26.45,,physical,pending,,,,
item-2qkt6ah1,ord-f2joqprvyp,sid-6u6x0h4d,qsid-1767098488108,Gloria High-Waisted Skinny Jeans - Size 6,,,1,5999,5999,0,0,5999,0,0,t,{},,2026-01-14 22:08:26.454,2026-01-14 22:08:26.452,,physical,pending,,,,
item-ms08lz6m,ord-o4pep7yqgh,sid-4nl3dsk5,qsid-1766440209117,Premium Bamboo Knitting Needle Set,,,1,29,29,0,0,29,0,0,t,{},,2026-01-16 00:11:49.29,2026-01-16 00:11:49.281,,physical,pending,,,,
item-il5m0eii,ord-5572j6cmdj,sid-4nl3dsk5,qsid-1766440209117,Premium Bamboo Knitting Needle Set,,,1,29,29,0,0,29,0,0,t,{},,2026-01-16 00:11:49.272,2026-01-16 00:11:49.253,,physical,pending,,,,
item-7f0j4zdo,ord-o4pep7yqgh,sid-oivzdbsv,qsid-1767098488109,Evelyn Floral Wrap Dress - M,,,1,55,55,0,0,55,0,0,t,{},,2026-01-16 00:11:49.29,2026-01-16 00:11:49.281,,physical,pending,,,,
item-a3mcvg27,ord-5572j6cmdj,sid-oivzdbsv,qsid-1767098488109,Evelyn Floral Wrap Dress - M,,,1,55,55,0,0,55,0,0,t,{},,2026-01-16 00:11:49.272,2026-01-16 00:11:49.253,,physical,pending,,,,
item-kyz555xr,ord-o4pep7yqgh,sid-xbjcqzwj,qsid-1766439434276,Acqua di Gio Pour Homme Eau de Toilette 50ml,,,1,85,85,0,0,85,0,0,t,{},,2026-01-16 00:11:49.29,2026-01-16 00:11:49.281,,physical,pending,,,,
item-vvw9g6ag,ord-5572j6cmdj,sid-xbjcqzwj,qsid-1766439434276,Acqua di Gio Pour Homme Eau de Toilette 50ml,,,1,85,85,0,0,85,0,0,t,{},,2026-01-16 00:11:49.272,2026-01-16 00:11:49.253,,physical,pending,,,,
item-iwld799k,ord-zw3f9j2whx,sid-4nl3dsk5,qsid-1766440209117,Premium Bamboo Knitting Needle Set,,,1,29,29,0,0,29,0,0,t,{},,2026-01-16 00:13:18.637,2026-01-16 00:13:18.63,,physical,pending,,,,
item-vmhrir13,ord-zw3f9j2whx,sid-oivzdbsv,qsid-1767098488109,Evelyn Floral Wrap Dress - M,,,1,55,55,0,0,55,0,0,t,{},,2026-01-16 00:13:18.637,2026-01-16 00:13:18.63,,physical,pending,,,,
item-pafzcvj8,ord-zw3f9j2whx,sid-xbjcqzwj,qsid-1766439434276,Acqua di Gio Pour Homme Eau de Toilette 50ml,,,1,85,85,0,0,85,0,0,t,{},,2026-01-16 00:13:18.637,2026-01-16 00:13:18.63,,physical,pending,,,,
item-jpfj36ew,ord-4jdukxfmyt,sid-4nl3dsk5,qsid-1766440209117,Premium Bamboo Knitting Needle Set,,,1,29,29,0,0,29,0,0,t,{},,2026-01-16 00:13:18.633,2026-01-16 00:13:18.603,,physical,pending,,,,
item-2pm9uo60,ord-4jdukxfmyt,sid-oivzdbsv,qsid-1767098488109,Evelyn Floral Wrap Dress - M,,,1,55,55,0,0,55,0,0,t,{},,2026-01-16 00:13:18.633,2026-01-16 00:13:18.603,,physical,pending,,,,
item-66yv5fuq,ord-4jdukxfmyt,sid-xbjcqzwj,qsid-1766439434276,Acqua di Gio Pour Homme Eau de Toilette 50ml,,,1,85,85,0,0,85,0,0,t,{},,2026-01-16 00:13:18.633,2026-01-16 00:13:18.603,,physical,pending,,,,
item-enjps6wg,ord-232lhp3kya,sid-6u6x0h4d,qsid-1767098488108,Gloria High-Waisted Skinny Jeans - Size 6,,,1,59,59,0,0,59,0,0,t,{},,2026-01-16 00:19:02.64,2026-01-16 00:19:02.638,,physical,pending,,,,
item-359dsdb0,ord-ecqaubos4w,sid-6u6x0h4d,qsid-1767098488108,Gloria High-Waisted Skinny Jeans - Size 6,,,1,59,59,0,0,59,0,0,t,{},,2026-01-16 00:19:02.92,2026-01-16 00:19:02.918,,physical,pending,,,,
item-yfa7gfke,ord-g4p0e1en7f,sid-oivzdbsv,qsid-1767098488109,Evelyn Floral Wrap Dress - M,,,1,5599,5599,0,0,5599,0,0,t,{},,2026-01-16 00:25:07.339,2026-01-16 00:25:07.337,,physical,pending,,,,
item-77n0p4pk,ord-utqhme3maw,sid-oivzdbsv,qsid-1767098488109,Evelyn Floral Wrap Dress - M,,,1,5599,5599,0,0,5599,0,0,t,{},,2026-01-16 00:25:07.338,2026-01-16 00:25:07.336,,physical,pending,,,,
item-omwsjzt3,ord-g4p0e1en7f,sid-4nl3dsk5,qsid-1766440209117,Premium Bamboo Knitting Needle Set,,,1,2999,2999,0,0,2999,0,0,t,{},,2026-01-16 00:25:07.339,2026-01-16 00:25:07.337,,physical,pending,,,,
item-kdxio2oy,ord-utqhme3maw,sid-4nl3dsk5,qsid-1766440209117,Premium Bamboo Knitting Needle Set,,,1,2999,2999,0,0,2999,0,0,t,{},,2026-01-16 00:25:07.338,2026-01-16 00:25:07.336,,physical,pending,,,,
item-vpebxg6z,ord-f0pu3gxtss,sid-oivzdbsv,qsid-1767098488109,Evelyn Floral Wrap Dress - M,,,1,5599,5599,0,0,5599,0,0,t,{},,2026-01-16 07:12:20.171,2026-01-16 07:12:20.168,,physical,pending,,,,
item-qjnurh17,ord-neelnedmtx,sid-oivzdbsv,qsid-1767098488109,Evelyn Floral Wrap Dress - M,,,1,5599,5599,0,0,5599,0,0,t,{},,2026-01-16 07:12:20.162,2026-01-16 07:12:20.156,,physical,pending,,,,
item-2wjtqqbh,ord-f0pu3gxtss,sid-8yuxdxff,qsid-1766439434275,Luminous Silk Foundation 30ml,,,1,6400,6400,0,0,6400,0,0,t,{},,2026-01-16 07:12:20.171,2026-01-16 07:12:20.168,,physical,pending,,,,
item-ktatlzp9,ord-neelnedmtx,sid-8yuxdxff,qsid-1766439434275,Luminous Silk Foundation 30ml,,,1,6400,6400,0,0,6400,0,0,t,{},,2026-01-16 07:12:20.162,2026-01-16 07:12:20.156,,physical,pending,,,,
item-tb6i9rfc,ord-f0pu3gxtss,sid-05kwmoez,sid-05kwmoez,The Alchemist by Paulo Coelho (Paperback),,,1,1599,1599,0,0,1599,0,0,t,{},,2026-01-16 07:12:20.171,2026-01-16 07:12:20.168,,physical,pending,,,,
item-7we37a2t,ord-neelnedmtx,sid-05kwmoez,sid-05kwmoez,The Alchemist by Paulo Coelho (Paperback),,,1,1599,1599,0,0,1599,0,0,t,{},,2026-01-16 07:12:20.162,2026-01-16 07:12:20.156,,physical,pending,,,,
oiid-oid-tid-qki0mjdb-ffs9jrfs-61s4,oid-tid-qki0mjdb-ffs9jrfs,sid-8dwe7wpu,qsid-1766436571328,Galactic Quest Laser Tag 2-Player Set,"A thrilling laser tag set for two players, perfect for dynamic indoor and outdoor play.",https://nbwsiobosqawrugnqddo.supabase.co/storage/v1/object/public/photos/t-v84j50g0/products/i-6la5jgvm/original-1765116087133.jpg,1,3499,3499,0,0,3499,0,0,t,{},,2026-04-21 16:01:56.261,2026-04-21 16:01:56.233,3499,physical,pending,,,,
oiid-oid-tid-qki0mjdb-4n2n6bi7-kdsx,oid-tid-qki0mjdb-4n2n6bi7,sid-8dwe7wpu,qsid-1766436571328,Galactic Quest Laser Tag 2-Player Set,"A thrilling laser tag set for two players, perfect for dynamic indoor and outdoor play.",https://nbwsiobosqawrugnqddo.supabase.co/storage/v1/object/public/photos/t-v84j50g0/products/i-6la5jgvm/original-1765116087133.jpg,1,3499,3499,0,0,3499,0,0,t,{},,2026-04-21 16:01:57.05,2026-04-21 16:01:57.009,3499,physical,pending,,,,
oiid-oid-tid-jcvzufq2-iag7n5cs-s4gf,oid-tid-jcvzufq2-iag7n5cs,sid-rq1ez51e,qsid-1766436571322,GreenThumb 3-Tier Wooden Plant Stand,A sturdy and stylish 3-tier wooden plant stand perfect for showcasing your indoor plants.,https://nbwsiobosqawrugnqddo.supabase.co/storage/v1/object/public/photos/t-v84j50g0/products/i-jsc25fau/original-1765116034671.jpg,1,4999,4999,0,0,4999,0,0,t,{},,2026-04-22 21:33:59.326,2026-04-22 21:33:59.307,4999,physical,pending,,,,
oiid-oid-R4KG-abdc0ksg-od3b,oid-R4KG-abdc0ksg,pid-R4KG-qz3cfdvr,R4KG-PHYS-SHIP-PUBL-QZKB,"Birds Eye Steamfresh Broccoli Florets, 5 oz Plus","Fresh frozen broccoli florets, perfect for a quick and healthy side.",https://nbwsiobosqawrugnqddo.supabase.co/storage/v1/object/public/photos/t-m11e6ur7/products/i-4thay43d/original-1765232859130.jpg,1,229,229,0,0,229,0,0,t,{},,2026-05-03 10:14:54.623,2026-05-03 10:14:54.621,229,physical,pending,,,,
oiid-oid-R4KG-719bc5zk-alsi,oid-R4KG-719bc5zk,pid-R4KG-qz3cfdvr,R4KG-PHYS-SHIP-PUBL-QZKB,"Birds Eye Steamfresh Broccoli Florets, 5 oz Plus","Fresh frozen broccoli florets, perfect for a quick and healthy side.",https://nbwsiobosqawrugnqddo.supabase.co/storage/v1/object/public/photos/t-m11e6ur7/products/i-4thay43d/original-1765232859130.jpg,1,229,229,0,0,229,0,0,t,{},,2026-05-03 10:19:00.084,2026-05-03 10:19:00.081,229,physical,pending,,,,
oiid-oid-R4KG-znejxmuq-jy0k,oid-R4KG-znejxmuq,pid-R4KG-qz3cfdvr,R4KG-PHYS-SHIP-PUBL-QZKB,"Birds Eye Steamfresh Broccoli Florets, 5 oz Plus","Fresh frozen broccoli florets, perfect for a quick and healthy side.",https://nbwsiobosqawrugnqddo.supabase.co/storage/v1/object/public/photos/t-m11e6ur7/products/i-4thay43d/original-1765232859130.jpg,1,229,229,0,0,229,0,0,t,{},,2026-05-03 10:19:13.185,2026-05-03 10:19:13.183,229,physical,pending,,,,
oiid-oid-R4KG-hxzwqpgp-yzi9,oid-R4KG-hxzwqpgp,pid-R4KG-qz3cfdvr,R4KG-PHYS-SHIP-PUBL-QZKB,"Birds Eye Steamfresh Broccoli Florets, 5 oz Plus","Fresh frozen broccoli florets, perfect for a quick and healthy side.",https://nbwsiobosqawrugnqddo.supabase.co/storage/v1/object/public/photos/t-m11e6ur7/products/i-4thay43d/original-1765232859130.jpg,1,229,229,0,0,229,0,0,t,{},,2026-05-03 10:15:05.815,2026-05-03 10:15:05.813,229,physical,pending,,,,
oiid-oid-R4KG-8srt0iih-rsfq,oid-R4KG-8srt0iih,pid-R4KG-qz3cfdvr,R4KG-PHYS-SHIP-PUBL-QZKB,"Birds Eye Steamfresh Broccoli Florets, 5 oz Plus","Fresh frozen broccoli florets, perfect for a quick and healthy side.",https://nbwsiobosqawrugnqddo.supabase.co/storage/v1/object/public/photos/t-m11e6ur7/products/i-4thay43d/original-1765232859130.jpg,1,229,229,0,0,229,0,0,t,{},,2026-05-03 10:15:05.914,2026-05-03 10:15:05.912,229,physical,pending,,,,
oiid-oid-R4KG-w50p60ue-j406,oid-R4KG-w50p60ue,pid-R4KG-qz3cfdvr,R4KG-PHYS-SHIP-PUBL-QZKB,"Birds Eye Steamfresh Broccoli Florets, 5 oz Plus","Fresh frozen broccoli florets, perfect for a quick and healthy side.",https://nbwsiobosqawrugnqddo.supabase.co/storage/v1/object/public/photos/t-m11e6ur7/products/i-4thay43d/original-1765232859130.jpg,1,229,229,0,0,229,0,0,t,{},,2026-05-03 10:19:00.056,2026-05-03 10:19:00.053,229,physical,pending,,,,
oiid-oid-R4KG-5t3yfswp-af6y,oid-R4KG-5t3yfswp,pid-R4KG-qz3cfdvr,R4KG-PHYS-SHIP-PUBL-QZKB,"Birds Eye Steamfresh Broccoli Florets, 5 oz Plus","Fresh frozen broccoli florets, perfect for a quick and healthy side.",https://nbwsiobosqawrugnqddo.supabase.co/storage/v1/object/public/photos/t-m11e6ur7/products/i-4thay43d/original-1765232859130.jpg,1,229,229,0,0,229,0,0,t,{},,2026-05-03 10:19:13.189,2026-05-03 10:19:13.187,229,physical,pending,,,,
oiid-oid-R4KG-gfq6x2dq-hwy3,oid-R4KG-gfq6x2dq,pid-R4KG-qz3cfdvr,R4KG-PHYS-SHIP-PUBL-QZKB,"Birds Eye Steamfresh Broccoli Florets, 5 oz Plus","Fresh frozen broccoli florets, perfect for a quick and healthy side.",https://nbwsiobosqawrugnqddo.supabase.co/storage/v1/object/public/photos/t-m11e6ur7/products/i-4thay43d/original-1765232859130.jpg,1,229,229,0,0,229,0,0,t,{},,2026-05-03 10:26:02.174,2026-05-03 10:26:02.172,229,physical,pending,,,,
oiid-oid-R4KG-pgjs64qb-6f4a,oid-R4KG-pgjs64qb,pid-R4KG-qz3cfdvr,R4KG-PHYS-SHIP-PUBL-QZKB,"Birds Eye Steamfresh Broccoli Florets, 5 oz Plus","Fresh frozen broccoli florets, perfect for a quick and healthy side.",https://nbwsiobosqawrugnqddo.supabase.co/storage/v1/object/public/photos/t-m11e6ur7/products/i-4thay43d/original-1765232859130.jpg,1,229,229,0,0,229,0,0,t,{},,2026-05-03 10:26:02.172,2026-05-03 10:26:02.17,229,physical,pending,,,,
oiid-oid-R4KG-029bxuww-8jac,oid-R4KG-029bxuww,pid-R4KG-qz3cfdvr,R4KG-PHYS-SHIP-PUBL-QZKB,"Birds Eye Steamfresh Broccoli Florets, 5 oz Plus","Fresh frozen broccoli florets, perfect for a quick and healthy side.",https://nbwsiobosqawrugnqddo.supabase.co/storage/v1/object/public/photos/t-m11e6ur7/products/i-4thay43d/original-1765232859130.jpg,1,229,229,0,0,229,0,0,t,{},,2026-05-03 10:29:18.804,2026-05-03 10:29:18.802,229,physical,pending,,,,
oiid-oid-R4KG-52hg4j0c-038c,oid-R4KG-52hg4j0c,pid-R4KG-qz3cfdvr,R4KG-PHYS-SHIP-PUBL-QZKB,"Birds Eye Steamfresh Broccoli Florets, 5 oz Plus","Fresh frozen broccoli florets, perfect for a quick and healthy side.",https://nbwsiobosqawrugnqddo.supabase.co/storage/v1/object/public/photos/t-m11e6ur7/products/i-4thay43d/original-1765232859130.jpg,1,229,229,0,0,229,0,0,t,{},,2026-05-03 10:29:18.847,2026-05-03 10:29:18.845,229,physical,pending,,,,
oiid-oid-R4KG-p86avdqf-7z72,oid-R4KG-p86avdqf,pid-R4KG-qz3cfdvr,R4KG-PHYS-SHIP-PUBL-QZKB,"Birds Eye Steamfresh Broccoli Florets, 5 oz Plus","Fresh frozen broccoli florets, perfect for a quick and healthy side.",https://nbwsiobosqawrugnqddo.supabase.co/storage/v1/object/public/photos/t-m11e6ur7/products/i-4thay43d/original-1765232859130.jpg,1,229,229,0,0,229,0,0,t,{},,2026-05-03 10:56:50.558,2026-05-03 10:56:50.553,229,physical,pending,,,,
oiid-oid-R4KG-jelpl83x-1ggx,oid-R4KG-jelpl83x,pid-R4KG-qz3cfdvr,R4KG-PHYS-SHIP-PUBL-QZKB,"Birds Eye Steamfresh Broccoli Florets, 5 oz Plus","Fresh frozen broccoli florets, perfect for a quick and healthy side.",https://nbwsiobosqawrugnqddo.supabase.co/storage/v1/object/public/photos/t-m11e6ur7/products/i-4thay43d/original-1765232859130.jpg,1,229,229,0,0,229,0,0,t,{},,2026-05-03 10:56:50.613,2026-05-03 10:56:50.611,229,physical,pending,,,,
oiid-oid-R4KG-uhkrjuy2-iqsp,oid-R4KG-uhkrjuy2,pid-R4KG-qz3cfdvr,R4KG-PHYS-SHIP-PUBL-QZKB,"Birds Eye Steamfresh Broccoli Florets, 5 oz Plus","Fresh frozen broccoli florets, perfect for a quick and healthy side.",https://nbwsiobosqawrugnqddo.supabase.co/storage/v1/object/public/photos/t-m11e6ur7/products/i-4thay43d/original-1765232859130.jpg,1,229,229,0,0,229,0,0,t,{},,2026-05-03 10:56:57.135,2026-05-03 10:56:57.133,229,physical,pending,,,,
oiid-oid-R4KG-m6a4nbt3-dnql,oid-R4KG-m6a4nbt3,pid-R4KG-qz3cfdvr,R4KG-PHYS-SHIP-PUBL-QZKB,"Birds Eye Steamfresh Broccoli Florets, 5 oz Plus","Fresh frozen broccoli florets, perfect for a quick and healthy side.",https://nbwsiobosqawrugnqddo.supabase.co/storage/v1/object/public/photos/t-m11e6ur7/products/i-4thay43d/original-1765232859130.jpg,1,229,229,0,0,229,0,0,t,{},,2026-05-03 10:56:57.163,2026-05-03 10:56:57.162,229,physical,pending,,,,
