id,order_id,tenant_id,amount_cents,currency,payment_method,payment_status,gateway,gateway_transaction_id,gateway_customer_id,gateway_payment_method_id,payment_method_details,authorized_at,captured_at,failed_at,cancelled_at,error_code,error_message,metadata,ip_address,created_at,updated_at,gateway_type,gateway_authorization_id,gateway_fee_cents,net_amount_cents,gateway_response,authorization_expires_at,platform_fee_cents,platform_fee_percentage,platform_fee_fixed_cents,total_fees_cents,fee_waived,fee_waived_reason,is_deposit_payment,deposit_percentage,deposit_forfeited,forfeited_at,platform_forfeit_fee_cents,retailer_forfeit_amount_cents
pay-tid-qki0mjdb-nzii7kfouf,oid-tid-qki0mjdb-9tk0cmaq,tid-qki0mjdb,60300,USD,paypal,pending,,,,,,,,,,,,{},,2026-04-21 15:34:09.166,2026-04-21 15:34:09.165,paypal,,0,60300,{},,1809,,0,0,f,,t,10.00,f,,0,0
pay_1768077409063_c1x6q9y9a,ord_1768077402751_0o53ny0sa,tid-m8ijkrnk,5000,USD,credit_card,paid,,pi_3So8tw2Ng8vHl3911WQsP9BQ,,,,2026-01-10 20:36:49.063,2026-01-10 20:36:58.961,,,,,"{""testMode"": true, ""customerEmail"": ""payment-test@example.com""}",127.0.0.1,2026-01-10 20:36:49.063,2026-01-10 20:36:59.523501,stripe,pi_3So8tw2Ng8vHl3911WQsP9BQ,175,4750,"{""id"": ""pi_3So8tw2Ng8vHl3911WQsP9BQ"", ""amount"": 5000, ""object"": ""payment_intent"", ""review"": null, ""source"": null, ""status"": ""succeeded"", ""created"": 1768077408, ""currency"": ""usd"", ""customer"": null, ""livemode"": false, ""metadata"": {""orderId"": ""ord_1768077402751_0o53ny0sa"", ""tenantId"": ""tid-m8ijkrnk"", ""testMode"": ""true"", ""orderNumber"": ""ORD-2026-000017"", ""customerEmail"": ""payment-test@example.com""}, ""shipping"": null, ""processing"": null, ""application"": null, ""canceled_at"": null, ""description"": null, ""next_action"": null, ""on_behalf_of"": null, ""client_secret"": ""pi_3So8tw2Ng8vHl3911WQsP9BQ_secret_AFebsdY3SDSh8WFtRyBBGgeQS"", ""latest_charge"": ""ch_3So8tw2Ng8vHl39114n9DgJo"", ""receipt_email"": null, ""transfer_data"": null, ""amount_details"": {""tip"": {}}, ""capture_method"": ""manual"", ""payment_method"": ""pm_1So8tw2Ng8vHl391bqhMtY4M"", ""transfer_group"": null, ""amount_received"": 5000, ""customer_account"": null, ""amount_capturable"": 0, ""last_payment_error"": null, ""setup_future_usage"": null, ""cancellation_reason"": null, ""confirmation_method"": ""automatic"", ""payment_method_types"": [""card"", ""link""], ""statement_descriptor"": null, ""application_fee_amount"": null, ""payment_method_options"": {""card"": {""network"": null, ""installments"": null, ""mandate_options"": null, ""request_three_d_secure"": ""automatic""}, ""link"": {""persistent_token"": null}}, ""automatic_payment_methods"": {""enabled"": true, ""allow_redirects"": ""never""}, ""statement_descriptor_suffix"": null, ""excluded_payment_method_types"": null, ""payment_method_configuration_details"": {""id"": ""pmc_1RepcM2Ng8vHl391FBxLc5tB"", ""parent"": null}}",2026-01-17 20:36:49.063,75,1.50,0,250,f,,f,,f,,0,0
pay_1768077430826_4q7d2kkmn,ord_1768077424508_ummmdnauc,tid-m8ijkrnk,5000,USD,credit_card,paid,,pi_3So8uH2Ng8vHl3910pLuvcnq,,,,2026-01-10 20:37:10.826,2026-01-10 20:37:10.826,,,,,{},127.0.0.1,2026-01-10 20:37:10.826,2026-01-10 20:37:10.826,stripe,,175,4750,"{""id"": ""pi_3So8uH2Ng8vHl3910pLuvcnq"", ""amount"": 5000, ""object"": ""payment_intent"", ""review"": null, ""source"": null, ""status"": ""succeeded"", ""created"": 1768077429, ""currency"": ""usd"", ""customer"": null, ""livemode"": false, ""metadata"": {""orderId"": ""ord_1768077424508_ummmdnauc"", ""tenantId"": ""tid-m8ijkrnk"", ""orderNumber"": ""ORD-2026-000018""}, ""shipping"": null, ""processing"": null, ""application"": null, ""canceled_at"": null, ""description"": null, ""next_action"": null, ""on_behalf_of"": null, ""client_secret"": ""pi_3So8uH2Ng8vHl3910pLuvcnq_secret_qpYfm6RiGUFsNEvSq2l8jwLR2"", ""latest_charge"": ""ch_3So8uH2Ng8vHl3910rM3HEOD"", ""receipt_email"": null, ""transfer_data"": null, ""amount_details"": {""tip"": {}}, ""capture_method"": ""automatic"", ""payment_method"": ""pm_1So8uH2Ng8vHl3911RLZlP0x"", ""transfer_group"": null, ""amount_received"": 5000, ""customer_account"": null, ""amount_capturable"": 0, ""last_payment_error"": null, ""setup_future_usage"": null, ""cancellation_reason"": null, ""confirmation_method"": ""automatic"", ""payment_method_types"": [""card"", ""link""], ""statement_descriptor"": null, ""application_fee_amount"": null, ""payment_method_options"": {""card"": {""network"": null, ""installments"": null, ""mandate_options"": null, ""request_three_d_secure"": ""automatic""}, ""link"": {""persistent_token"": null}}, ""automatic_payment_methods"": {""enabled"": true, ""allow_redirects"": ""never""}, ""statement_descriptor_suffix"": null, ""excluded_payment_method_types"": null, ""payment_method_configuration_details"": {""id"": ""pmc_1RepcM2Ng8vHl391FBxLc5tB"", ""parent"": null}}",,75,1.50,0,250,f,,f,,f,,0,0
pay-tid-jcvzufq2-nw3fcmd7er,oid-tid-jcvzufq2-mglnp5pl,tid-jcvzufq2,660,USD,paypal,pending,,,,,,,,,,,,{},,2026-04-22 23:05:07.076,2026-04-22 23:05:07.069,paypal,,0,660,{},,20,,0,0,f,,t,10.00,f,,0,0
pay_1768077579107_8wj65o6uz,ord_1768077572861_4igcs2ydd,tid-m8ijkrnk,5000,USD,credit_card,paid,,pi_3So8wg2Ng8vHl3911PvtYMUy,,,,2026-01-10 20:39:39.107,2026-01-10 20:39:49.028,,,,,"{""testMode"": true, ""customerEmail"": ""payment-test@example.com""}",127.0.0.1,2026-01-10 20:39:39.107,2026-01-10 20:39:49.596685,stripe,pi_3So8wg2Ng8vHl3911PvtYMUy,175,4750,"{""id"": ""pi_3So8wg2Ng8vHl3911PvtYMUy"", ""amount"": 5000, ""object"": ""payment_intent"", ""review"": null, ""source"": null, ""status"": ""succeeded"", ""created"": 1768077578, ""currency"": ""usd"", ""customer"": null, ""livemode"": false, ""metadata"": {""orderId"": ""ord_1768077572861_4igcs2ydd"", ""tenantId"": ""tid-m8ijkrnk"", ""testMode"": ""true"", ""orderNumber"": ""ORD-2026-000019"", ""customerEmail"": ""payment-test@example.com""}, ""shipping"": null, ""processing"": null, ""application"": null, ""canceled_at"": null, ""description"": null, ""next_action"": null, ""on_behalf_of"": null, ""client_secret"": ""pi_3So8wg2Ng8vHl3911PvtYMUy_secret_4mRfBKSyTx9L5ZEXZnH4UHlfe"", ""latest_charge"": ""ch_3So8wg2Ng8vHl3911Fe4oHob"", ""receipt_email"": null, ""transfer_data"": null, ""amount_details"": {""tip"": {}}, ""capture_method"": ""manual"", ""payment_method"": ""pm_1So8wg2Ng8vHl391dP0jXyC9"", ""transfer_group"": null, ""amount_received"": 5000, ""customer_account"": null, ""amount_capturable"": 0, ""last_payment_error"": null, ""setup_future_usage"": null, ""cancellation_reason"": null, ""confirmation_method"": ""automatic"", ""payment_method_types"": [""card"", ""link""], ""statement_descriptor"": null, ""application_fee_amount"": null, ""payment_method_options"": {""card"": {""network"": null, ""installments"": null, ""mandate_options"": null, ""request_three_d_secure"": ""automatic""}, ""link"": {""persistent_token"": null}}, ""automatic_payment_methods"": {""enabled"": true, ""allow_redirects"": ""never""}, ""statement_descriptor_suffix"": null, ""excluded_payment_method_types"": null, ""payment_method_configuration_details"": {""id"": ""pmc_1RepcM2Ng8vHl391FBxLc5tB"", ""parent"": null}}",2026-01-17 20:39:39.107,75,1.50,0,250,f,,f,,f,,0,0
pay-tid-qki0mjdb-tcavohm769,oid-tid-qki0mjdb-bpx5ueqm,tid-qki0mjdb,350,USD,paypal,pending,,,,,,,,,,,,{},,2026-04-21 15:42:45.981,2026-04-21 15:42:45.978,paypal,,0,350,{},,11,,0,0,f,,t,10.00,f,,0,0
pay_1768077601025_g9skbwfpx,ord_1768077594674_75g49jz5o,tid-m8ijkrnk,5000,USD,credit_card,partially_refunded,,pi_3So8x22Ng8vHl3910n7rsSZ3,,,,2026-01-10 20:40:01.025,2026-01-10 20:40:01.025,,,,,{},127.0.0.1,2026-01-10 20:40:01.025,2026-01-10 20:40:08.012592,stripe,,175,4750,"{""id"": ""re_3So8x22Ng8vHl3910OriunNU"", ""amount"": 2500, ""charge"": ""ch_3So8x22Ng8vHl3910K0iVN53"", ""object"": ""refund"", ""reason"": ""requested_by_customer"", ""status"": ""succeeded"", ""created"": 1768077607, ""currency"": ""usd"", ""metadata"": {}, ""payment_intent"": ""pi_3So8x22Ng8vHl3910n7rsSZ3"", ""receipt_number"": null, ""transfer_reversal"": null, ""balance_transaction"": ""txn_3So8x22Ng8vHl3910RX9JUHT"", ""destination_details"": {""card"": {""type"": ""refund"", ""reference_type"": ""acquirer_reference_number"", ""reference_status"": ""pending""}, ""type"": ""card""}, ""source_transfer_reversal"": null}",,75,1.50,0,250,f,,f,,f,,0,0
pay-tid-jcvzufq2-poxutbzrcu,oid-tid-jcvzufq2-xarjdpqf,tid-jcvzufq2,660,USD,paypal,pending,,,,,,,,,,,,{},,2026-04-23 00:13:45.266,2026-04-23 00:13:45.253,paypal,,0,660,{},,20,,0,0,f,,t,10.00,f,,0,0
pay-tid-qki0mjdb-7utrpn4l8p,oid-tid-qki0mjdb-vjkzlprl,tid-qki0mjdb,350,USD,paypal,pending,,,,,,,,,,,,{},,2026-04-21 15:42:46.487,2026-04-21 15:42:46.482,paypal,,0,350,{},,11,,0,0,f,,t,10.00,f,,0,0
pay-tid-qki0mjdb-qdjubkzqal,oid-tid-qki0mjdb-s2ljhu8h,tid-qki0mjdb,350,USD,paypal,pending,,,,,,,,,,,,{},,2026-04-21 15:48:39.129,2026-04-21 15:48:39.122,paypal,,0,350,{},,11,,0,0,f,,t,10.00,f,,0,0
pay-tid-qki0mjdb-hrc9pmkwmr,oid-tid-qki0mjdb-fn5tt2dh,tid-qki0mjdb,350,USD,paypal,pending,,,,,,,,,,,,{},,2026-04-21 15:48:39.374,2026-04-21 15:48:39.369,paypal,,0,350,{},,11,,0,0,f,,t,10.00,f,,0,0
pay-tid-jcvzufq2-f7ku1evl49,oid-tid-jcvzufq2-v45w0p3x,tid-jcvzufq2,660,USD,paypal,pending,,,,,,,,,,,,{},,2026-04-23 00:13:45.272,2026-04-23 00:13:45.261,paypal,,0,660,{},,20,,0,0,f,,t,10.00,f,,0,0
pay-tid-qki0mjdb-6fiq5bot0o,oid-tid-qki0mjdb-fpxx2gzt,tid-qki0mjdb,350,USD,paypal,pending,,,,,,,,,,,,{},,2026-04-21 15:49:30.734,2026-04-21 15:49:30.73,paypal,,0,350,{},,11,,0,0,f,,t,10.00,f,,0,0
pay-tid-jcvzufq2-gup6cw4jxy,oid-tid-jcvzufq2-9kvvaxbz,tid-jcvzufq2,660,USD,paypal,pending,,,,,,,,,,,,{},,2026-04-23 00:22:53.119,2026-04-23 00:22:53.116,paypal,,0,660,{},,20,,0,0,f,,t,10.00,f,,0,0
pay-tid-qki0mjdb-3sso0vr66n,oid-tid-qki0mjdb-0b4l8981,tid-qki0mjdb,350,USD,paypal,pending,,,,,,,,,,,,{},,2026-04-21 15:50:45.007,2026-04-21 15:50:45,paypal,,0,350,{},,11,,0,0,f,,t,10.00,f,,0,0
pay-tid-jcvzufq2-5iyegrch0n,oid-tid-jcvzufq2-24c3qelq,tid-jcvzufq2,660,USD,paypal,pending,,,,,,,,,,,,{},,2026-04-23 00:22:53.129,2026-04-23 00:22:53.126,paypal,,0,660,{},,20,,0,0,f,,t,10.00,f,,0,0
pay-tid-qki0mjdb-6nx43qcozw,oid-tid-qki0mjdb-nnillya0,tid-qki0mjdb,350,USD,paypal,pending,,8SF64730AX371954M,,,,,,,,,,{},,2026-04-21 15:50:45.633,2026-04-21 15:51:01.316486,paypal,,0,350,{},,11,,0,0,f,,t,10.00,f,,0,0
pay-tid-qki0mjdb-tms7y1ydj8,oid-tid-qki0mjdb-ffs9jrfs,tid-qki0mjdb,350,USD,paypal,pending,,,,,,,,,,,,{},,2026-04-21 16:01:56.951,2026-04-21 16:01:56.924,paypal,,0,350,{},,11,,0,0,f,,t,10.00,f,,0,0
pay-tid-qki0mjdb-d1i13mj1ci,oid-tid-qki0mjdb-4n2n6bi7,tid-qki0mjdb,350,USD,paypal,paid,,2E074706HN499772H,,,,,,,,,,{},,2026-04-21 16:01:57.653,2026-04-21 16:05:32.988361,paypal,,0,350,"{""id"": ""2E074706HN499772H"", ""links"": [{""rel"": ""self"", ""href"": ""https://api.sandbox.paypal.com/v2/checkout/orders/2E074706HN499772H"", ""method"": ""GET""}], ""payer"": {""name"": {""surname"": ""Doe"", ""given_name"": ""John""}, ""address"": {""country_code"": ""US""}, ""payer_id"": ""UEEQHZ95KZ8GY"", ""email_address"": ""niftytek-buyer@gmail.com""}, ""status"": ""COMPLETED"", ""payment_source"": {""paypal"": {""name"": {""surname"": ""Doe"", ""given_name"": ""John""}, ""address"": {""country_code"": ""US""}, ""account_id"": ""UEEQHZ95KZ8GY"", ""email_address"": ""niftytek-buyer@gmail.com"", ""account_status"": ""VERIFIED""}}, ""purchase_units"": [{""payments"": {""captures"": [{""id"": ""570331999N5301053"", ""links"": [{""rel"": ""self"", ""href"": ""https://api.sandbox.paypal.com/v2/payments/captures/570331999N5301053"", ""method"": ""GET""}, {""rel"": ""refund"", ""href"": ""https://api.sandbox.paypal.com/v2/payments/captures/570331999N5301053/refund"", ""method"": ""POST""}, {""rel"": ""up"", ""href"": ""https://api.sandbox.paypal.com/v2/checkout/orders/2E074706HN499772H"", ""method"": ""GET""}], ""amount"": {""value"": ""34.99"", ""currency_code"": ""USD""}, ""status"": ""COMPLETED"", ""create_time"": ""2026-04-21T16:05:32Z"", ""update_time"": ""2026-04-21T16:05:32Z"", ""final_capture"": true, ""seller_protection"": {""status"": ""ELIGIBLE"", ""dispute_categories"": [""ITEM_NOT_RECEIVED"", ""UNAUTHORIZED_TRANSACTION""]}, ""seller_receivable_breakdown"": {""net_amount"": {""value"": ""33.28"", ""currency_code"": ""USD""}, ""paypal_fee"": {""value"": ""1.71"", ""currency_code"": ""USD""}, ""gross_amount"": {""value"": ""34.99"", ""currency_code"": ""USD""}}}]}, ""shipping"": {""name"": {""full_name"": ""John Doe""}, ""address"": {""postal_code"": ""95131"", ""admin_area_1"": ""CA"", ""admin_area_2"": ""San Jose"", ""country_code"": ""US"", ""address_line_1"": ""1 Main St""}}, ""reference_id"": ""oid-tid-qki0mjdb-4n2n6bi7""}]}",,11,,0,0,f,,t,10.00,f,,0,0
pay-tid-jcvzufq2-ex5rdlgo88,oid-tid-jcvzufq2-trdb19ne,tid-jcvzufq2,660,USD,paypal,pending,,,,,,,,,,,,{},,2026-04-23 01:23:01.881,2026-04-23 01:23:01.876,paypal,,0,660,{},,20,,0,0,f,,t,10.00,f,,0,0
pay-tid-qki0mjdb-083rrlh6if,oid-tid-qki0mjdb-4t52i1w1,tid-qki0mjdb,60300,USD,paypal,pending,,,,,,,,,,,,{},,2026-04-21 16:00:45.13,2026-04-21 16:00:45.129,paypal,,0,60300,{},,1809,,0,0,f,,t,10.00,f,,0,0
pay-tid-jcvzufq2-uqhspoei09,oid-tid-jcvzufq2-fahgvzfs,tid-jcvzufq2,660,USD,paypal,pending,,,,,,,,,,,,{},,2026-04-23 01:23:01.885,2026-04-23 01:23:01.88,paypal,,0,660,{},,20,,0,0,f,,t,10.00,f,,0,0
pay-tid-042hi7ju-55r4x6umil,oid-tid-042hi7ju-nxior4yo,tid-042hi7ju,350,USD,paypal,pending,,,,,,,,,,,,{},,2026-04-22 00:38:35.835,2026-04-22 00:38:35.829,paypal,,0,350,{},,11,,0,0,f,,t,10.00,f,,0,0
pay-R4KG-ccz5ovbvkm,oid-R4KG-yzcm3oqs,tid-042hi7ju,23,USD,paypal,pending,,,,,,,,,,,,{},,2026-05-03 09:53:43.474,2026-05-03 09:53:43.472,paypal,,0,23,{},,0,0.00,0,0,t,Free transaction 1/10 this month,t,10.00,f,,0,0
pay-tid-042hi7ju-pot0uho46y,oid-tid-042hi7ju-z62tqf1n,tid-042hi7ju,350,USD,paypal,paid,,21W86556FE9747939,,,,,,,,,,{},,2026-04-22 00:38:36.371,2026-04-22 00:42:39.689872,paypal,,0,350,"{""id"": ""21W86556FE9747939"", ""links"": [{""rel"": ""self"", ""href"": ""https://api.sandbox.paypal.com/v2/checkout/orders/21W86556FE9747939"", ""method"": ""GET""}], ""payer"": {""name"": {""surname"": ""Doe"", ""given_name"": ""John""}, ""address"": {""country_code"": ""US""}, ""payer_id"": ""UEEQHZ95KZ8GY"", ""email_address"": ""niftytek-buyer@gmail.com""}, ""status"": ""COMPLETED"", ""payment_source"": {""paypal"": {""name"": {""surname"": ""Doe"", ""given_name"": ""John""}, ""address"": {""country_code"": ""US""}, ""account_id"": ""UEEQHZ95KZ8GY"", ""email_address"": ""niftytek-buyer@gmail.com"", ""account_status"": ""VERIFIED""}}, ""purchase_units"": [{""payments"": {""captures"": [{""id"": ""0R5371776F069071N"", ""links"": [{""rel"": ""self"", ""href"": ""https://api.sandbox.paypal.com/v2/payments/captures/0R5371776F069071N"", ""method"": ""GET""}, {""rel"": ""refund"", ""href"": ""https://api.sandbox.paypal.com/v2/payments/captures/0R5371776F069071N/refund"", ""method"": ""POST""}, {""rel"": ""up"", ""href"": ""https://api.sandbox.paypal.com/v2/checkout/orders/21W86556FE9747939"", ""method"": ""GET""}], ""amount"": {""value"": ""34.99"", ""currency_code"": ""USD""}, ""status"": ""COMPLETED"", ""create_time"": ""2026-04-22T00:42:38Z"", ""update_time"": ""2026-04-22T00:42:38Z"", ""final_capture"": true, ""seller_protection"": {""status"": ""ELIGIBLE"", ""dispute_categories"": [""ITEM_NOT_RECEIVED"", ""UNAUTHORIZED_TRANSACTION""]}, ""seller_receivable_breakdown"": {""net_amount"": {""value"": ""33.28"", ""currency_code"": ""USD""}, ""paypal_fee"": {""value"": ""1.71"", ""currency_code"": ""USD""}, ""gross_amount"": {""value"": ""34.99"", ""currency_code"": ""USD""}}}]}, ""shipping"": {""name"": {""full_name"": ""John Doe""}, ""address"": {""postal_code"": ""95131"", ""admin_area_1"": ""CA"", ""admin_area_2"": ""San Jose"", ""country_code"": ""US"", ""address_line_1"": ""1 Main St""}}, ""reference_id"": ""oid-tid-042hi7ju-z62tqf1n""}]}",,11,,0,0,f,,t,10.00,f,,0,0
pay-R4KG-zjxsptvkma,oid-R4KG-93n1ivq2,tid-042hi7ju,23,USD,paypal,pending,,,,,,,,,,,,{},,2026-05-03 09:53:43.473,2026-05-03 09:53:43.472,paypal,,0,23,{},,0,0.00,0,0,t,Free transaction 1/10 this month,t,10.00,f,,0,0
pay-tid-qki0mjdb-11eicy68b8,oid-tid-qki0mjdb-reudkfdd,tid-qki0mjdb,600,USD,paypal,pending,,,,,,,,,,,,{},,2026-04-22 20:45:49.97,2026-04-22 20:45:49.968,paypal,,0,600,{},,18,,0,0,f,,t,10.00,f,,0,0
pay-R4KG-h2pixrkwy4,oid-R4KG-dal9m8hk,tid-042hi7ju,23,USD,paypal,pending,,,,,,,,,,,,{},,2026-05-03 09:56:09.396,2026-05-03 09:56:09.395,paypal,,0,23,{},,0,0.00,0,0,t,Free transaction 1/10 this month,t,10.00,f,,0,0
pay-tid-jcvzufq2-4min6jbwf5,oid-tid-jcvzufq2-fdja08x4,tid-jcvzufq2,660,USD,paypal,pending,,,,,,,,,,,,{},,2026-04-22 21:23:51.837,2026-04-22 21:23:51.833,paypal,,0,660,{},,20,,0,0,f,,t,10.00,f,,0,0
pay-tid-jcvzufq2-as2meihjuh,oid-tid-jcvzufq2-akf1apwy,tid-jcvzufq2,660,USD,paypal,pending,,,,,,,,,,,,{},,2026-04-22 21:23:52.858,2026-04-22 21:23:52.854,paypal,,0,660,{},,20,,0,0,f,,t,10.00,f,,0,0
pay-R4KG-4dtb6wcm9z,oid-R4KG-4a4bv7cz,tid-042hi7ju,23,USD,paypal,pending,,,,,,,,,,,,{},,2026-05-03 09:56:09.473,2026-05-03 09:56:09.472,paypal,,0,23,{},,0,0.00,0,0,t,Free transaction 1/10 this month,t,10.00,f,,0,0
pay-tid-jcvzufq2-389x4vwm16,oid-tid-jcvzufq2-xntubvra,tid-jcvzufq2,660,USD,paypal,pending,,,,,,,,,,,,{},,2026-04-22 21:33:59.697,2026-04-22 21:33:59.692,paypal,,0,660,{},,20,,0,0,f,,t,10.00,f,,0,0
pay-tid-qki0mjdb-xt4n2tmbx6,oid-tid-qki0mjdb-wsowwd4g,tid-qki0mjdb,600,USD,paypal,pending,,,,,,,,,,,,{},,2026-04-22 21:35:43.864,2026-04-22 21:35:43.852,paypal,,0,600,{},,18,,0,0,f,,t,10.00,f,,0,0
pay-R4KG-xc4tak974s,oid-R4KG-zdlmuya4,tid-042hi7ju,23,USD,paypal,pending,,,,,,,,,,,,{},,2026-05-03 09:59:50.772,2026-05-03 09:59:50.769,paypal,,0,23,{},,0,0.00,0,0,t,Free transaction 1/10 this month,t,10.00,f,,0,0
pay-R4KG-qopar7n503,oid-R4KG-x89z61vy,tid-042hi7ju,23,USD,paypal,pending,,,,,,,,,,,,{},,2026-05-03 09:59:50.948,2026-05-03 09:59:50.945,paypal,,0,23,{},,0,0.00,0,0,t,Free transaction 1/10 this month,t,10.00,f,,0,0
pay-tid-jcvzufq2-b9nqbwt0bg,oid-tid-jcvzufq2-iag7n5cs,tid-jcvzufq2,660,USD,paypal,pending,,,,,,,,,,,,{},,2026-04-22 21:33:59.775,2026-04-22 21:33:59.771,paypal,,0,660,{},,20,,0,0,f,,t,10.00,f,,0,0
pay-tid-qki0mjdb-7x9rdlpbbt,oid-tid-qki0mjdb-luxn9q5t,tid-qki0mjdb,600,USD,paypal,pending,,,,,,,,,,,,{},,2026-04-22 21:35:43.717,2026-04-22 21:35:43.713,paypal,,0,600,{},,18,,0,0,f,,t,10.00,f,,0,0
pay-R4KG-4v8opr46vu,oid-R4KG-zalwxl9u,tid-042hi7ju,23,USD,paypal,pending,,,,,,,,,,,,{},,2026-05-03 10:07:09.661,2026-05-03 10:07:09.659,paypal,,0,23,{},,0,0.00,0,0,t,Free transaction 1/10 this month,t,10.00,f,,0,0
pay-tid-qki0mjdb-6baz4bsyxu,oid-tid-qki0mjdb-lkptwi93,tid-qki0mjdb,600,USD,paypal,pending,,,,,,,,,,,,{},,2026-04-22 21:42:33.84,2026-04-22 21:42:33.833,paypal,,0,600,{},,18,,0,0,f,,t,10.00,f,,0,0
pay-tid-qki0mjdb-nr7yvbnrrd,oid-tid-qki0mjdb-ked2myqj,tid-qki0mjdb,600,USD,paypal,pending,,,,,,,,,,,,{},,2026-04-22 21:53:40.254,2026-04-22 21:53:40.249,paypal,,0,600,{},,18,,0,0,f,,t,10.00,f,,0,0
pay-R4KG-3g4lasa66r,oid-R4KG-fqsz9moj,tid-042hi7ju,23,USD,paypal,pending,,,,,,,,,,,,{},,2026-05-03 10:07:09.66,2026-05-03 10:07:09.658,paypal,,0,23,{},,0,0.00,0,0,t,Free transaction 1/10 this month,t,10.00,f,,0,0
pay-R4KG-jyh2f8o9as,oid-R4KG-34eyimui,tid-042hi7ju,23,USD,paypal,pending,,,,,,,,,,,,{},,2026-05-03 10:09:22.994,2026-05-03 10:09:22.992,paypal,,0,23,{},,0,0.00,0,0,t,Free transaction 1/10 this month,t,10.00,f,,0,0
pay-tid-qki0mjdb-ga430csllm,oid-tid-qki0mjdb-71ijqoy6,tid-qki0mjdb,600,USD,paypal,pending,,,,,,,,,,,,{},,2026-04-22 21:42:33.852,2026-04-22 21:42:33.847,paypal,,0,600,{},,18,,0,0,f,,t,10.00,f,,0,0
pay-R4KG-fcntokaugh,oid-R4KG-stfqthud,tid-042hi7ju,23,USD,paypal,pending,,,,,,,,,,,,{},,2026-05-03 10:09:23.027,2026-05-03 10:09:23.025,paypal,,0,23,{},,0,0.00,0,0,t,Free transaction 1/10 this month,t,10.00,f,,0,0
pay-R4KG-wj41ci5amn,oid-R4KG-mrme1ntx,tid-042hi7ju,23,USD,paypal,pending,,,,,,,,,,,,{},,2026-05-03 10:12:39.144,2026-05-03 10:12:39.143,paypal,,0,23,{},,0,0.00,0,0,t,Free transaction 1/10 this month,t,10.00,f,,0,0
pay-R4KG-pspayrdoi4,oid-R4KG-hxzwqpgp,tid-042hi7ju,23,USD,paypal,pending,,,,,,,,,,,,{},,2026-05-03 10:15:06.817,2026-05-03 10:15:06.813,paypal,,0,23,{},,0,0.00,0,0,t,Free transaction 1/10 this month,t,10.00,f,,0,0
pay-tid-qki0mjdb-9ra0y2zj2a,oid-tid-qki0mjdb-ja43b951,tid-qki0mjdb,600,USD,paypal,pending,,,,,,,,,,,,{},,2026-04-22 21:53:40.271,2026-04-22 21:53:40.266,paypal,,0,600,{},,18,,0,0,f,,t,10.00,f,,0,0
pay-tid-jcvzufq2-p44ecmf5b6,oid-tid-jcvzufq2-mbj17zhv,tid-jcvzufq2,660,USD,paypal,pending,,,,,,,,,,,,{},,2026-04-22 22:08:32.625,2026-04-22 22:08:32.617,paypal,,0,660,{},,20,,0,0,f,,t,10.00,f,,0,0
pay-iyxekap9ol,ord-sw1g8r6x10,tid-m8ijkrnk,1599,USD,paypal,pending,,,,,,,,,,,,{},,2026-01-12 16:55:21.249,2026-01-12 16:55:21.247,paypal,,0,1599,{},,48,,0,0,f,,f,,f,,0,0
pay-R4KG-w7c2rhsirk,oid-R4KG-vzcoa9iq,tid-042hi7ju,23,USD,paypal,pending,,,,,,,,,,,,{},,2026-05-03 10:10:32.478,2026-05-03 10:10:32.476,paypal,,0,23,{},,0,0.00,0,0,t,Free transaction 1/10 this month,t,10.00,f,,0,0
pay-v42vuyheou,ord-ego8xe2utj,tid-m8ijkrnk,1599,USD,paypal,paid,,3U930283SU4705048,,,,,,,,,,{},,2026-01-12 16:55:21.247,2026-01-12 16:55:40.717556,paypal,,0,1599,"{""id"": ""3U930283SU4705048"", ""links"": [{""rel"": ""self"", ""href"": ""https://api.sandbox.paypal.com/v2/checkout/orders/3U930283SU4705048"", ""method"": ""GET""}], ""payer"": {""name"": {""surname"": ""Doe"", ""given_name"": ""John""}, ""address"": {""country_code"": ""US""}, ""payer_id"": ""UEEQHZ95KZ8GY"", ""email_address"": ""niftytek-buyer@gmail.com""}, ""status"": ""COMPLETED"", ""payment_source"": {""paypal"": {""name"": {""surname"": ""Doe"", ""given_name"": ""John""}, ""address"": {""country_code"": ""US""}, ""account_id"": ""UEEQHZ95KZ8GY"", ""email_address"": ""niftytek-buyer@gmail.com"", ""account_status"": ""VERIFIED""}}, ""purchase_units"": [{""payments"": {""captures"": [{""id"": ""1PR55218NA7603359"", ""links"": [{""rel"": ""self"", ""href"": ""https://api.sandbox.paypal.com/v2/payments/captures/1PR55218NA7603359"", ""method"": ""GET""}, {""rel"": ""refund"", ""href"": ""https://api.sandbox.paypal.com/v2/payments/captures/1PR55218NA7603359/refund"", ""method"": ""POST""}, {""rel"": ""up"", ""href"": ""https://api.sandbox.paypal.com/v2/checkout/orders/3U930283SU4705048"", ""method"": ""GET""}], ""amount"": {""value"": ""15.99"", ""currency_code"": ""USD""}, ""status"": ""COMPLETED"", ""create_time"": ""2026-01-12T16:55:40Z"", ""update_time"": ""2026-01-12T16:55:40Z"", ""final_capture"": true, ""seller_protection"": {""status"": ""ELIGIBLE"", ""dispute_categories"": [""ITEM_NOT_RECEIVED"", ""UNAUTHORIZED_TRANSACTION""]}, ""seller_receivable_breakdown"": {""net_amount"": {""value"": ""14.94"", ""currency_code"": ""USD""}, ""paypal_fee"": {""value"": ""1.05"", ""currency_code"": ""USD""}, ""gross_amount"": {""value"": ""15.99"", ""currency_code"": ""USD""}}}]}, ""shipping"": {""name"": {""full_name"": ""John Doe""}, ""address"": {""postal_code"": ""95131"", ""admin_area_1"": ""CA"", ""admin_area_2"": ""San Jose"", ""country_code"": ""US"", ""address_line_1"": ""1 Main St""}}, ""reference_id"": ""ord-ego8xe2utj""}]}",,48,,0,0,f,,f,,f,,0,0
pay-o25u1vewfv,ord-csz6c1gngs,tid-m8ijkrnk,6985,USD,paypal,pending,,,,,,,,,,,,{},,2026-01-12 20:58:03.77,2026-01-12 20:58:03.769,paypal,,0,6985,{},,210,,0,0,f,,f,,f,,0,0
pay-R4KG-a9440cshn6,oid-R4KG-ly5anb0h,tid-042hi7ju,23,USD,paypal,pending,,,,,,,,,,,,{},,2026-05-03 10:12:39.148,2026-05-03 10:12:39.147,paypal,,0,23,{},,0,0.00,0,0,t,Free transaction 1/10 this month,t,10.00,f,,0,0
pay-R4KG-b5akf35yqn,oid-R4KG-8srt0iih,tid-042hi7ju,23,USD,paypal,pending,,,,,,,,,,,,{},,2026-05-03 10:15:06.945,2026-05-03 10:15:06.941,paypal,,0,23,{},,0,0.00,0,0,t,Free transaction 1/10 this month,t,10.00,f,,0,0
pay-a8j6qf1ied,ord-fmgmjomgx0,tid-m8ijkrnk,6985,USD,paypal,paid,,3C001121C0059094V,,,,,,,,,,{},,2026-01-12 20:58:03.768,2026-01-12 20:58:30.805849,paypal,,0,6985,"{""id"": ""3C001121C0059094V"", ""links"": [{""rel"": ""self"", ""href"": ""https://api.sandbox.paypal.com/v2/checkout/orders/3C001121C0059094V"", ""method"": ""GET""}], ""payer"": {""name"": {""surname"": ""Doe"", ""given_name"": ""John""}, ""address"": {""country_code"": ""US""}, ""payer_id"": ""UEEQHZ95KZ8GY"", ""email_address"": ""niftytek-buyer@gmail.com""}, ""status"": ""COMPLETED"", ""payment_source"": {""paypal"": {""name"": {""surname"": ""Doe"", ""given_name"": ""John""}, ""address"": {""country_code"": ""US""}, ""account_id"": ""UEEQHZ95KZ8GY"", ""email_address"": ""niftytek-buyer@gmail.com"", ""account_status"": ""VERIFIED""}}, ""purchase_units"": [{""payments"": {""captures"": [{""id"": ""9LJ357633U847500N"", ""links"": [{""rel"": ""self"", ""href"": ""https://api.sandbox.paypal.com/v2/payments/captures/9LJ357633U847500N"", ""method"": ""GET""}, {""rel"": ""refund"", ""href"": ""https://api.sandbox.paypal.com/v2/payments/captures/9LJ357633U847500N/refund"", ""method"": ""POST""}, {""rel"": ""up"", ""href"": ""https://api.sandbox.paypal.com/v2/checkout/orders/3C001121C0059094V"", ""method"": ""GET""}], ""amount"": {""value"": ""69.85"", ""currency_code"": ""USD""}, ""status"": ""COMPLETED"", ""create_time"": ""2026-01-12T20:58:30Z"", ""update_time"": ""2026-01-12T20:58:30Z"", ""final_capture"": true, ""seller_protection"": {""status"": ""ELIGIBLE"", ""dispute_categories"": [""ITEM_NOT_RECEIVED"", ""UNAUTHORIZED_TRANSACTION""]}, ""seller_receivable_breakdown"": {""net_amount"": {""value"": ""66.92"", ""currency_code"": ""USD""}, ""paypal_fee"": {""value"": ""2.93"", ""currency_code"": ""USD""}, ""gross_amount"": {""value"": ""69.85"", ""currency_code"": ""USD""}}}]}, ""shipping"": {""name"": {""full_name"": ""John Doe""}, ""address"": {""postal_code"": ""95131"", ""admin_area_1"": ""CA"", ""admin_area_2"": ""San Jose"", ""country_code"": ""US"", ""address_line_1"": ""1 Main St""}}, ""reference_id"": ""ord-fmgmjomgx0""}]}",,210,,0,0,f,,f,,f,,0,0
pay-R4KG-up45i78uyr,oid-R4KG-w50p60ue,tid-042hi7ju,23,USD,paypal,pending,,,,,,,,,,,,{},,2026-05-03 10:19:01.156,2026-05-03 10:19:01.154,paypal,,0,23,{},,0,0.00,0,0,t,Free transaction 1/10 this month,t,10.00,f,,0,0
pay-38zvjlqvos,ord-5ai0wlrjez,tid-m8ijkrnk,6999,USD,paypal,pending,,,,,,,,,,,,{},,2026-01-12 21:23:15.766,2026-01-12 21:23:15.764,paypal,,0,6999,{},,210,,0,0,f,,f,,f,,0,0
pay-R4KG-8u12g2afni,oid-R4KG-znejxmuq,tid-042hi7ju,23,USD,paypal,pending,,,,,,,,,,,,{},,2026-05-03 10:19:14.248,2026-05-03 10:19:14.247,paypal,,0,23,{},,0,0.00,0,0,t,Free transaction 1/10 this month,t,10.00,f,,0,0
pay-busedygg1e,ord-iz5xp7b002,tid-m8ijkrnk,6999,USD,paypal,paid,,1LL55374G24848102,,,,,,,,,,{},,2026-01-12 21:23:15.769,2026-01-12 21:23:34.413423,paypal,,0,6999,"{""id"": ""1LL55374G24848102"", ""links"": [{""rel"": ""self"", ""href"": ""https://api.sandbox.paypal.com/v2/checkout/orders/1LL55374G24848102"", ""method"": ""GET""}], ""payer"": {""name"": {""surname"": ""Doe"", ""given_name"": ""John""}, ""address"": {""country_code"": ""US""}, ""payer_id"": ""UEEQHZ95KZ8GY"", ""email_address"": ""niftytek-buyer@gmail.com""}, ""status"": ""COMPLETED"", ""payment_source"": {""paypal"": {""name"": {""surname"": ""Doe"", ""given_name"": ""John""}, ""address"": {""country_code"": ""US""}, ""account_id"": ""UEEQHZ95KZ8GY"", ""email_address"": ""niftytek-buyer@gmail.com"", ""account_status"": ""VERIFIED""}}, ""purchase_units"": [{""payments"": {""captures"": [{""id"": ""1WF42525CG415673K"", ""links"": [{""rel"": ""self"", ""href"": ""https://api.sandbox.paypal.com/v2/payments/captures/1WF42525CG415673K"", ""method"": ""GET""}, {""rel"": ""refund"", ""href"": ""https://api.sandbox.paypal.com/v2/payments/captures/1WF42525CG415673K/refund"", ""method"": ""POST""}, {""rel"": ""up"", ""href"": ""https://api.sandbox.paypal.com/v2/checkout/orders/1LL55374G24848102"", ""method"": ""GET""}], ""amount"": {""value"": ""69.99"", ""currency_code"": ""USD""}, ""status"": ""COMPLETED"", ""create_time"": ""2026-01-12T21:23:33Z"", ""update_time"": ""2026-01-12T21:23:33Z"", ""final_capture"": true, ""seller_protection"": {""status"": ""ELIGIBLE"", ""dispute_categories"": [""ITEM_NOT_RECEIVED"", ""UNAUTHORIZED_TRANSACTION""]}, ""seller_receivable_breakdown"": {""net_amount"": {""value"": ""67.06"", ""currency_code"": ""USD""}, ""paypal_fee"": {""value"": ""2.93"", ""currency_code"": ""USD""}, ""gross_amount"": {""value"": ""69.99"", ""currency_code"": ""USD""}}}]}, ""shipping"": {""name"": {""full_name"": ""John Doe""}, ""address"": {""postal_code"": ""95131"", ""admin_area_1"": ""CA"", ""admin_area_2"": ""San Jose"", ""country_code"": ""US"", ""address_line_1"": ""1 Main St""}}, ""reference_id"": ""ord-iz5xp7b002""}]}",,210,,0,0,f,,f,,f,,0,0
pay-s18x516rbq,ord-s3rb8jo95c,tid-m8ijkrnk,1299,USD,paypal,pending,,,,,,,,,,,,{},,2026-01-12 23:53:39.607,2026-01-12 23:53:39.606,paypal,,0,1299,{},,39,,0,0,f,,f,,f,,0,0
pay-qvwmaxgt56,ord-zmo6enwvdw,tid-m8ijkrnk,1299,USD,paypal,paid,,13W27958Y6340380C,,,,,,,,,,{},,2026-01-12 23:53:39.61,2026-01-12 23:54:00.38099,paypal,,0,1299,"{""id"": ""13W27958Y6340380C"", ""links"": [{""rel"": ""self"", ""href"": ""https://api.sandbox.paypal.com/v2/checkout/orders/13W27958Y6340380C"", ""method"": ""GET""}], ""payer"": {""name"": {""surname"": ""Doe"", ""given_name"": ""John""}, ""address"": {""country_code"": ""US""}, ""payer_id"": ""UEEQHZ95KZ8GY"", ""email_address"": ""niftytek-buyer@gmail.com""}, ""status"": ""COMPLETED"", ""payment_source"": {""paypal"": {""name"": {""surname"": ""Doe"", ""given_name"": ""John""}, ""address"": {""country_code"": ""US""}, ""account_id"": ""UEEQHZ95KZ8GY"", ""email_address"": ""niftytek-buyer@gmail.com"", ""account_status"": ""VERIFIED""}}, ""purchase_units"": [{""payments"": {""captures"": [{""id"": ""2WC69338L12208907"", ""links"": [{""rel"": ""self"", ""href"": ""https://api.sandbox.paypal.com/v2/payments/captures/2WC69338L12208907"", ""method"": ""GET""}, {""rel"": ""refund"", ""href"": ""https://api.sandbox.paypal.com/v2/payments/captures/2WC69338L12208907/refund"", ""method"": ""POST""}, {""rel"": ""up"", ""href"": ""https://api.sandbox.paypal.com/v2/checkout/orders/13W27958Y6340380C"", ""method"": ""GET""}], ""amount"": {""value"": ""12.99"", ""currency_code"": ""USD""}, ""status"": ""COMPLETED"", ""create_time"": ""2026-01-12T23:53:59Z"", ""update_time"": ""2026-01-12T23:53:59Z"", ""final_capture"": true, ""seller_protection"": {""status"": ""ELIGIBLE"", ""dispute_categories"": [""ITEM_NOT_RECEIVED"", ""UNAUTHORIZED_TRANSACTION""]}, ""seller_receivable_breakdown"": {""net_amount"": {""value"": ""12.05"", ""currency_code"": ""USD""}, ""paypal_fee"": {""value"": ""0.94"", ""currency_code"": ""USD""}, ""gross_amount"": {""value"": ""12.99"", ""currency_code"": ""USD""}}}]}, ""shipping"": {""name"": {""full_name"": ""John Doe""}, ""address"": {""postal_code"": ""95131"", ""admin_area_1"": ""CA"", ""admin_area_2"": ""San Jose"", ""country_code"": ""US"", ""address_line_1"": ""1 Main St""}}, ""reference_id"": ""ord-zmo6enwvdw""}]}",,39,,0,0,f,,f,,f,,0,0
pay-8jenqs6arr,ord-14migsi9fi,tid-m8ijkrnk,2898,USD,paypal,pending,,,,,,,,,,,,{},,2026-01-13 00:40:41.098,2026-01-13 00:40:41.096,paypal,,0,2898,{},,87,,0,0,f,,f,,f,,0,0
pay-9qw73acsft,ord-csgjg0jypo,tid-m8ijkrnk,2898,USD,paypal,paid,,8YM66217J82939835,,,,,,,,,,{},,2026-01-13 00:40:41.099,2026-01-13 00:40:58.900035,paypal,,0,2898,"{""id"": ""8YM66217J82939835"", ""links"": [{""rel"": ""self"", ""href"": ""https://api.sandbox.paypal.com/v2/checkout/orders/8YM66217J82939835"", ""method"": ""GET""}], ""payer"": {""name"": {""surname"": ""Doe"", ""given_name"": ""John""}, ""address"": {""country_code"": ""US""}, ""payer_id"": ""UEEQHZ95KZ8GY"", ""email_address"": ""niftytek-buyer@gmail.com""}, ""status"": ""COMPLETED"", ""payment_source"": {""paypal"": {""name"": {""surname"": ""Doe"", ""given_name"": ""John""}, ""address"": {""country_code"": ""US""}, ""account_id"": ""UEEQHZ95KZ8GY"", ""email_address"": ""niftytek-buyer@gmail.com"", ""account_status"": ""VERIFIED""}}, ""purchase_units"": [{""payments"": {""captures"": [{""id"": ""5K9409364W289721T"", ""links"": [{""rel"": ""self"", ""href"": ""https://api.sandbox.paypal.com/v2/payments/captures/5K9409364W289721T"", ""method"": ""GET""}, {""rel"": ""refund"", ""href"": ""https://api.sandbox.paypal.com/v2/payments/captures/5K9409364W289721T/refund"", ""method"": ""POST""}, {""rel"": ""up"", ""href"": ""https://api.sandbox.paypal.com/v2/checkout/orders/8YM66217J82939835"", ""method"": ""GET""}], ""amount"": {""value"": ""28.98"", ""currency_code"": ""USD""}, ""status"": ""COMPLETED"", ""create_time"": ""2026-01-13T00:40:58Z"", ""update_time"": ""2026-01-13T00:40:58Z"", ""final_capture"": true, ""seller_protection"": {""status"": ""ELIGIBLE"", ""dispute_categories"": [""ITEM_NOT_RECEIVED"", ""UNAUTHORIZED_TRANSACTION""]}, ""seller_receivable_breakdown"": {""net_amount"": {""value"": ""27.48"", ""currency_code"": ""USD""}, ""paypal_fee"": {""value"": ""1.50"", ""currency_code"": ""USD""}, ""gross_amount"": {""value"": ""28.98"", ""currency_code"": ""USD""}}}]}, ""shipping"": {""name"": {""full_name"": ""John Doe""}, ""address"": {""postal_code"": ""95131"", ""admin_area_1"": ""CA"", ""admin_area_2"": ""San Jose"", ""country_code"": ""US"", ""address_line_1"": ""1 Main St""}}, ""reference_id"": ""ord-csgjg0jypo""}]}",,87,,0,0,f,,f,,f,,0,0
pay-g7nd5gcy1x,ord-6mjzrofgn0,tid-m8ijkrnk,5599,USD,paypal,pending,,,,,,,,,,,,{},,2026-01-13 01:07:46.63,2026-01-13 01:07:46.629,paypal,,0,5599,{},,168,,0,0,f,,f,,f,,0,0
pay-3oktj6remb,ord-xxv0skwoo9,tid-m8ijkrnk,5599,USD,paypal,paid,,9DT272702R805912M,,,,,,,,,,{},,2026-01-13 01:07:46.629,2026-01-13 01:08:07.678778,paypal,,0,5599,"{""id"": ""9DT272702R805912M"", ""links"": [{""rel"": ""self"", ""href"": ""https://api.sandbox.paypal.com/v2/checkout/orders/9DT272702R805912M"", ""method"": ""GET""}], ""payer"": {""name"": {""surname"": ""Doe"", ""given_name"": ""John""}, ""address"": {""country_code"": ""US""}, ""payer_id"": ""UEEQHZ95KZ8GY"", ""email_address"": ""niftytek-buyer@gmail.com""}, ""status"": ""COMPLETED"", ""payment_source"": {""paypal"": {""name"": {""surname"": ""Doe"", ""given_name"": ""John""}, ""address"": {""country_code"": ""US""}, ""account_id"": ""UEEQHZ95KZ8GY"", ""email_address"": ""niftytek-buyer@gmail.com"", ""account_status"": ""VERIFIED""}}, ""purchase_units"": [{""payments"": {""captures"": [{""id"": ""8C991679YA963324N"", ""links"": [{""rel"": ""self"", ""href"": ""https://api.sandbox.paypal.com/v2/payments/captures/8C991679YA963324N"", ""method"": ""GET""}, {""rel"": ""refund"", ""href"": ""https://api.sandbox.paypal.com/v2/payments/captures/8C991679YA963324N/refund"", ""method"": ""POST""}, {""rel"": ""up"", ""href"": ""https://api.sandbox.paypal.com/v2/checkout/orders/9DT272702R805912M"", ""method"": ""GET""}], ""amount"": {""value"": ""55.99"", ""currency_code"": ""USD""}, ""status"": ""COMPLETED"", ""create_time"": ""2026-01-13T01:08:07Z"", ""update_time"": ""2026-01-13T01:08:07Z"", ""final_capture"": true, ""seller_protection"": {""status"": ""ELIGIBLE"", ""dispute_categories"": [""ITEM_NOT_RECEIVED"", ""UNAUTHORIZED_TRANSACTION""]}, ""seller_receivable_breakdown"": {""net_amount"": {""value"": ""53.55"", ""currency_code"": ""USD""}, ""paypal_fee"": {""value"": ""2.44"", ""currency_code"": ""USD""}, ""gross_amount"": {""value"": ""55.99"", ""currency_code"": ""USD""}}}]}, ""shipping"": {""name"": {""full_name"": ""John Doe""}, ""address"": {""postal_code"": ""95131"", ""admin_area_1"": ""CA"", ""admin_area_2"": ""San Jose"", ""country_code"": ""US"", ""address_line_1"": ""1 Main St""}}, ""reference_id"": ""ord-xxv0skwoo9""}]}",,168,,0,0,f,,f,,f,,0,0
pay-zccvttdb3f,ord-1uv4wrz4rz,tid-m8ijkrnk,8500,USD,paypal,pending,,,,,,,,,,,,{},,2026-01-13 01:52:51.308,2026-01-13 01:52:51.306,paypal,,0,8500,{},,255,,0,0,f,,f,,f,,0,0
pay-aozplo5vza,ord-87hkf57zh5,tid-m8ijkrnk,8500,USD,paypal,pending,,9V72524997834212S,,,,,,,,,,{},,2026-01-13 01:52:51.31,2026-01-13 01:52:56.514476,paypal,,0,8500,{},,255,,0,0,f,,f,,f,,0,0
pay-ngu6n0o6cd,ord-vdjmufc680,tid-m8ijkrnk,8500,USD,paypal,pending,,,,,,,,,,,,{},,2026-01-13 01:54:31.86,2026-01-13 01:54:31.859,paypal,,0,8500,{},,255,,0,0,f,,f,,f,,0,0
pay-4ar2awx2ym,ord-l4td6o7icx,tid-m8ijkrnk,8500,USD,paypal,paid,,2AJ00163S02544025,,,,,,,,,,{},,2026-01-13 01:54:31.877,2026-01-13 01:54:47.921268,paypal,,0,8500,"{""id"": ""2AJ00163S02544025"", ""links"": [{""rel"": ""self"", ""href"": ""https://api.sandbox.paypal.com/v2/checkout/orders/2AJ00163S02544025"", ""method"": ""GET""}], ""payer"": {""name"": {""surname"": ""Doe"", ""given_name"": ""John""}, ""address"": {""country_code"": ""US""}, ""payer_id"": ""UEEQHZ95KZ8GY"", ""email_address"": ""niftytek-buyer@gmail.com""}, ""status"": ""COMPLETED"", ""payment_source"": {""paypal"": {""name"": {""surname"": ""Doe"", ""given_name"": ""John""}, ""address"": {""country_code"": ""US""}, ""account_id"": ""UEEQHZ95KZ8GY"", ""email_address"": ""niftytek-buyer@gmail.com"", ""account_status"": ""VERIFIED""}}, ""purchase_units"": [{""payments"": {""captures"": [{""id"": ""874814691W433601L"", ""links"": [{""rel"": ""self"", ""href"": ""https://api.sandbox.paypal.com/v2/payments/captures/874814691W433601L"", ""method"": ""GET""}, {""rel"": ""refund"", ""href"": ""https://api.sandbox.paypal.com/v2/payments/captures/874814691W433601L/refund"", ""method"": ""POST""}, {""rel"": ""up"", ""href"": ""https://api.sandbox.paypal.com/v2/checkout/orders/2AJ00163S02544025"", ""method"": ""GET""}], ""amount"": {""value"": ""85.00"", ""currency_code"": ""USD""}, ""status"": ""COMPLETED"", ""create_time"": ""2026-01-13T01:54:47Z"", ""update_time"": ""2026-01-13T01:54:47Z"", ""final_capture"": true, ""seller_protection"": {""status"": ""ELIGIBLE"", ""dispute_categories"": [""ITEM_NOT_RECEIVED"", ""UNAUTHORIZED_TRANSACTION""]}, ""seller_receivable_breakdown"": {""net_amount"": {""value"": ""81.54"", ""currency_code"": ""USD""}, ""paypal_fee"": {""value"": ""3.46"", ""currency_code"": ""USD""}, ""gross_amount"": {""value"": ""85.00"", ""currency_code"": ""USD""}}}]}, ""shipping"": {""name"": {""full_name"": ""John Doe""}, ""address"": {""postal_code"": ""10001"", ""admin_area_1"": ""NY"", ""admin_area_2"": ""New York"", ""country_code"": ""US"", ""address_line_1"": ""123 Main Street"", ""address_line_2"": ""Apt 4B""}}, ""reference_id"": ""ord-l4td6o7icx""}]}",,255,,0,0,f,,f,,f,,0,0
pay-vf7e528x62,ord-e11q4rhs9w,tid-m8ijkrnk,8500,USD,paypal,pending,,,,,,,,,,,,{},,2026-01-13 12:15:30.984,2026-01-13 12:15:30.983,paypal,,0,8500,{},,255,,0,0,f,,f,,f,,0,0
pay-zes27up3kv,ord-5gfnl1myg7,tid-m8ijkrnk,8500,USD,paypal,paid,,4BB571985U6762009,,,,,,,,,,{},,2026-01-13 12:15:30.981,2026-01-13 12:15:51.653185,paypal,,0,8500,"{""id"": ""4BB571985U6762009"", ""links"": [{""rel"": ""self"", ""href"": ""https://api.sandbox.paypal.com/v2/checkout/orders/4BB571985U6762009"", ""method"": ""GET""}], ""payer"": {""name"": {""surname"": ""Doe"", ""given_name"": ""John""}, ""address"": {""country_code"": ""US""}, ""payer_id"": ""UEEQHZ95KZ8GY"", ""email_address"": ""niftytek-buyer@gmail.com""}, ""status"": ""COMPLETED"", ""payment_source"": {""paypal"": {""name"": {""surname"": ""Doe"", ""given_name"": ""John""}, ""address"": {""country_code"": ""US""}, ""account_id"": ""UEEQHZ95KZ8GY"", ""email_address"": ""niftytek-buyer@gmail.com"", ""account_status"": ""VERIFIED""}}, ""purchase_units"": [{""payments"": {""captures"": [{""id"": ""0B464101R6567172U"", ""links"": [{""rel"": ""self"", ""href"": ""https://api.sandbox.paypal.com/v2/payments/captures/0B464101R6567172U"", ""method"": ""GET""}, {""rel"": ""refund"", ""href"": ""https://api.sandbox.paypal.com/v2/payments/captures/0B464101R6567172U/refund"", ""method"": ""POST""}, {""rel"": ""up"", ""href"": ""https://api.sandbox.paypal.com/v2/checkout/orders/4BB571985U6762009"", ""method"": ""GET""}], ""amount"": {""value"": ""85.00"", ""currency_code"": ""USD""}, ""status"": ""COMPLETED"", ""create_time"": ""2026-01-13T12:15:50Z"", ""update_time"": ""2026-01-13T12:15:50Z"", ""final_capture"": true, ""seller_protection"": {""status"": ""ELIGIBLE"", ""dispute_categories"": [""ITEM_NOT_RECEIVED"", ""UNAUTHORIZED_TRANSACTION""]}, ""seller_receivable_breakdown"": {""net_amount"": {""value"": ""81.54"", ""currency_code"": ""USD""}, ""paypal_fee"": {""value"": ""3.46"", ""currency_code"": ""USD""}, ""gross_amount"": {""value"": ""85.00"", ""currency_code"": ""USD""}}}]}, ""shipping"": {""name"": {""full_name"": ""John Doe""}, ""address"": {""postal_code"": ""10001"", ""admin_area_1"": ""NY"", ""admin_area_2"": ""New York"", ""country_code"": ""US"", ""address_line_1"": ""123 Main Street"", ""address_line_2"": ""Apt 4B""}}, ""reference_id"": ""ord-5gfnl1myg7""}]}",,255,,0,0,f,,f,,f,,0,0
pay-935dicufhl,ord-tuupp595vh,tid-m8ijkrnk,5999,USD,paypal,pending,,,,,,,,,,,,{},,2026-01-14 21:28:55.65,2026-01-14 21:28:55.649,paypal,,0,5999,{},,180,,0,0,f,,f,,f,,0,0
pay-93hgc48g2e,ord-1xmhn2jy75,tid-m8ijkrnk,5999,USD,paypal,pending,,,,,,,,,,,,{},,2026-01-14 21:28:55.647,2026-01-14 21:28:55.646,paypal,,0,5999,{},,180,,0,0,f,,f,,f,,0,0
pay-sb18hdqkhq,ord-tuupp595vh,tid-m8ijkrnk,5999,USD,credit_card,pending,,pi_3Spbcc2Ng8vHl3910vcNvOMI,,,,,,,,,,{},,2026-01-14 21:28:56.759,2026-01-14 21:28:56.757,square,,0,5999,"{""id"": ""pi_3Spbcc2Ng8vHl3910vcNvOMI"", ""amount"": 5999, ""object"": ""payment_intent"", ""review"": null, ""source"": null, ""status"": ""requires_payment_method"", ""created"": 1768426138, ""invoice"": null, ""currency"": ""usd"", ""customer"": null, ""livemode"": false, ""metadata"": {""order_id"": ""ord-tuupp595vh"", ""tenant_id"": ""tid-m8ijkrnk"", ""order_number"": ""ORD-2026-000093-5022"", ""customer_email"": ""niftytek-buyer@gmail.com""}, ""shipping"": null, ""processing"": null, ""application"": null, ""canceled_at"": null, ""description"": null, ""next_action"": null, ""on_behalf_of"": null, ""client_secret"": ""pi_3Spbcc2Ng8vHl3910vcNvOMI_secret_YLH310YZ8Aw4yl9aPlntBJbRT"", ""latest_charge"": null, ""receipt_email"": null, ""transfer_data"": null, ""amount_details"": {""tip"": {}}, ""capture_method"": ""automatic_async"", ""payment_method"": null, ""transfer_group"": null, ""amount_received"": 0, ""customer_account"": null, ""amount_capturable"": 0, ""last_payment_error"": null, ""setup_future_usage"": null, ""cancellation_reason"": null, ""confirmation_method"": ""automatic"", ""payment_method_types"": [""card"", ""klarna"", ""link"", ""cashapp"", ""amazon_pay""], ""statement_descriptor"": null, ""application_fee_amount"": null, ""payment_method_options"": {""card"": {""network"": null, ""installments"": null, ""mandate_options"": null, ""request_three_d_secure"": ""automatic""}, ""link"": {""persistent_token"": null}, ""klarna"": {""preferred_locale"": null}, ""cashapp"": {}, ""amazon_pay"": {""express_checkout_element_session_id"": null}}, ""automatic_payment_methods"": {""enabled"": true, ""allow_redirects"": ""always""}, ""statement_descriptor_suffix"": null, ""excluded_payment_method_types"": null, ""payment_method_configuration_details"": {""id"": ""pmc_1RepcM2Ng8vHl391FBxLc5tB"", ""parent"": null}}",,180,,0,0,f,,f,,f,,0,0
pay-st6hhp9ada,ord-79zhxres37,tid-m8ijkrnk,5999,USD,paypal,pending,,,,,,,,,,,,{},,2026-01-14 21:29:59.859,2026-01-14 21:29:59.858,paypal,,0,5999,{},,180,,0,0,f,,f,,f,,0,0
pay-4rxg38uuhf,ord-s87qpl5eiz,tid-m8ijkrnk,5999,USD,paypal,pending,,,,,,,,,,,,{},,2026-01-14 21:30:08.221,2026-01-14 21:30:08.22,paypal,,0,5999,{},,180,,0,0,f,,f,,f,,0,0
pay-0ueutth9kj,ord-8mabw1bvvp,tid-m8ijkrnk,5999,USD,credit_card,pending,,pi_3Spbdm2Ng8vHl3910uesc9O3,,,,,,,,,,{},,2026-01-14 21:30:08.87,2026-01-14 21:30:08.867,square,,0,5999,"{""id"": ""pi_3Spbdm2Ng8vHl3910uesc9O3"", ""amount"": 5999, ""object"": ""payment_intent"", ""review"": null, ""source"": null, ""status"": ""requires_payment_method"", ""created"": 1768426210, ""invoice"": null, ""currency"": ""usd"", ""customer"": null, ""livemode"": false, ""metadata"": {""order_id"": ""ord-8mabw1bvvp"", ""tenant_id"": ""tid-m8ijkrnk"", ""order_number"": ""ORD-2026-000100-7650"", ""customer_email"": ""niftytek-buyer@gmail.com""}, ""shipping"": null, ""processing"": null, ""application"": null, ""canceled_at"": null, ""description"": null, ""next_action"": null, ""on_behalf_of"": null, ""client_secret"": ""pi_3Spbdm2Ng8vHl3910uesc9O3_secret_nT9DcsrMkchWErZYrm4u6tQhn"", ""latest_charge"": null, ""receipt_email"": null, ""transfer_data"": null, ""amount_details"": {""tip"": {}}, ""capture_method"": ""automatic_async"", ""payment_method"": null, ""transfer_group"": null, ""amount_received"": 0, ""customer_account"": null, ""amount_capturable"": 0, ""last_payment_error"": null, ""setup_future_usage"": null, ""cancellation_reason"": null, ""confirmation_method"": ""automatic"", ""payment_method_types"": [""card"", ""klarna"", ""link"", ""cashapp"", ""amazon_pay""], ""statement_descriptor"": null, ""application_fee_amount"": null, ""payment_method_options"": {""card"": {""network"": null, ""installments"": null, ""mandate_options"": null, ""request_three_d_secure"": ""automatic""}, ""link"": {""persistent_token"": null}, ""klarna"": {""preferred_locale"": null}, ""cashapp"": {}, ""amazon_pay"": {""express_checkout_element_session_id"": null}}, ""automatic_payment_methods"": {""enabled"": true, ""allow_redirects"": ""always""}, ""statement_descriptor_suffix"": null, ""excluded_payment_method_types"": null, ""payment_method_configuration_details"": {""id"": ""pmc_1RepcM2Ng8vHl391FBxLc5tB"", ""parent"": null}}",,180,,0,0,f,,f,,f,,0,0
pay-tid-jcvzufq2-cweoda9co9,oid-tid-jcvzufq2-dr5czqac,tid-jcvzufq2,660,USD,paypal,pending,,,,,,,,,,,,{},,2026-04-22 22:08:32.723,2026-04-22 22:08:32.716,paypal,,0,660,{},,20,,0,0,f,,t,10.00,f,,0,0
pay-tid-qki0mjdb-c0by3hyl3n,oid-tid-qki0mjdb-59kctlxn,tid-qki0mjdb,600,USD,paypal,pending,,,,,,,,,,,,{},,2026-04-22 22:16:31.854,2026-04-22 22:16:31.805,paypal,,0,600,{},,18,,0,0,f,,t,10.00,f,,0,0
pay-R4KG-8roi91jcc0,oid-R4KG-irx5ja1o,tid-042hi7ju,23,USD,paypal,pending,,,,,,,,,,,,{},,2026-05-03 10:10:32.534,2026-05-03 10:10:32.532,paypal,,0,23,{},,0,0.00,0,0,t,Free transaction 1/10 this month,t,10.00,f,,0,0
pay-R4KG-92dwz3yw0o,oid-R4KG-9yke4im9,tid-042hi7ju,23,USD,paypal,pending,,,,,,,,,,,,{},,2026-05-03 10:10:40.695,2026-05-03 10:10:40.694,paypal,,0,23,{},,0,0.00,0,0,t,Free transaction 1/10 this month,t,10.00,f,,0,0
pay-R4KG-fl8ok43mdv,oid-R4KG-pqnll382,tid-042hi7ju,23,USD,paypal,pending,,,,,,,,,,,,{},,2026-05-03 10:12:31.649,2026-05-03 10:12:31.648,paypal,,0,23,{},,0,0.00,0,0,t,Free transaction 1/10 this month,t,10.00,f,,0,0
pay-R4KG-gumrilv8ll,oid-R4KG-abdc0ksg,tid-042hi7ju,23,USD,paypal,pending,,,,,,,,,,,,{},,2026-05-03 10:14:55.668,2026-05-03 10:14:55.666,paypal,,0,23,{},,0,0.00,0,0,t,Free transaction 1/10 this month,t,10.00,f,,0,0
pay-R4KG-te4xix14qf,oid-R4KG-719bc5zk,tid-042hi7ju,23,USD,paypal,pending,,,,,,,,,,,,{},,2026-05-03 10:19:01.19,2026-05-03 10:19:01.187,paypal,,0,23,{},,0,0.00,0,0,t,Free transaction 1/10 this month,t,10.00,f,,0,0
pay-R4KG-iiw65kwazc,oid-R4KG-5t3yfswp,tid-042hi7ju,23,USD,paypal,pending,,,,,,,,,,,,{},,2026-05-03 10:19:14.245,2026-05-03 10:19:14.243,paypal,,0,23,{},,0,0.00,0,0,t,Free transaction 1/10 this month,t,10.00,f,,0,0
pay-1bwucsqlt2,ord-1xmhn2jy75,tid-m8ijkrnk,5999,USD,credit_card,pending,,pi_3Spbcc2Ng8vHl3911ZVMlfZ7,,,,,,,,,,{},,2026-01-14 21:28:56.758,2026-01-14 21:28:56.755,square,,0,5999,"{""id"": ""pi_3Spbcc2Ng8vHl3911ZVMlfZ7"", ""amount"": 5999, ""object"": ""payment_intent"", ""review"": null, ""source"": null, ""status"": ""requires_payment_method"", ""created"": 1768426138, ""invoice"": null, ""currency"": ""usd"", ""customer"": null, ""livemode"": false, ""metadata"": {""order_id"": ""ord-1xmhn2jy75"", ""tenant_id"": ""tid-m8ijkrnk"", ""order_number"": ""ORD-2026-000097-5018"", ""customer_email"": ""niftytek-buyer@gmail.com""}, ""shipping"": null, ""processing"": null, ""application"": null, ""canceled_at"": null, ""description"": null, ""next_action"": null, ""on_behalf_of"": null, ""client_secret"": ""pi_3Spbcc2Ng8vHl3911ZVMlfZ7_secret_4vlU7Ew6zUn6hOaHgA4HJrTTz"", ""latest_charge"": null, ""receipt_email"": null, ""transfer_data"": null, ""amount_details"": {""tip"": {}}, ""capture_method"": ""automatic_async"", ""payment_method"": null, ""transfer_group"": null, ""amount_received"": 0, ""customer_account"": null, ""amount_capturable"": 0, ""last_payment_error"": null, ""setup_future_usage"": null, ""cancellation_reason"": null, ""confirmation_method"": ""automatic"", ""payment_method_types"": [""card"", ""klarna"", ""link"", ""cashapp"", ""amazon_pay""], ""statement_descriptor"": null, ""application_fee_amount"": null, ""payment_method_options"": {""card"": {""network"": null, ""installments"": null, ""mandate_options"": null, ""request_three_d_secure"": ""automatic""}, ""link"": {""persistent_token"": null}, ""klarna"": {""preferred_locale"": null}, ""cashapp"": {}, ""amazon_pay"": {""express_checkout_element_session_id"": null}}, ""automatic_payment_methods"": {""enabled"": true, ""allow_redirects"": ""always""}, ""statement_descriptor_suffix"": null, ""excluded_payment_method_types"": null, ""payment_method_configuration_details"": {""id"": ""pmc_1RepcM2Ng8vHl391FBxLc5tB"", ""parent"": null}}",,180,,0,0,f,,f,,f,,0,0
pay-79lew3biey,ord-p41xx244j6,tid-m8ijkrnk,5999,USD,paypal,pending,,,,,,,,,,,,{},,2026-01-14 21:29:59.867,2026-01-14 21:29:59.865,paypal,,0,5999,{},,180,,0,0,f,,f,,f,,0,0
pay-b9abixso7b,ord-8mabw1bvvp,tid-m8ijkrnk,5999,USD,paypal,pending,,,,,,,,,,,,{},,2026-01-14 21:30:08.206,2026-01-14 21:30:08.205,paypal,,0,5999,{},,180,,0,0,f,,f,,f,,0,0
pay-8i0vpzz6ow,ord-s87qpl5eiz,tid-m8ijkrnk,5999,USD,credit_card,pending,,pi_3Spbdm2Ng8vHl3911r0nrxM7,,,,,,,,,,{},,2026-01-14 21:30:09.171,2026-01-14 21:30:09.169,square,,0,5999,"{""id"": ""pi_3Spbdm2Ng8vHl3911r0nrxM7"", ""amount"": 5999, ""object"": ""payment_intent"", ""review"": null, ""source"": null, ""status"": ""requires_payment_method"", ""created"": 1768426210, ""invoice"": null, ""currency"": ""usd"", ""customer"": null, ""livemode"": false, ""metadata"": {""order_id"": ""ord-s87qpl5eiz"", ""tenant_id"": ""tid-m8ijkrnk"", ""order_number"": ""ORD-2026-000097-7657"", ""customer_email"": ""niftytek-buyer@gmail.com""}, ""shipping"": null, ""processing"": null, ""application"": null, ""canceled_at"": null, ""description"": null, ""next_action"": null, ""on_behalf_of"": null, ""client_secret"": ""pi_3Spbdm2Ng8vHl3911r0nrxM7_secret_LlYKtZR6oeU6JqzngU8lftfSn"", ""latest_charge"": null, ""receipt_email"": null, ""transfer_data"": null, ""amount_details"": {""tip"": {}}, ""capture_method"": ""automatic_async"", ""payment_method"": null, ""transfer_group"": null, ""amount_received"": 0, ""customer_account"": null, ""amount_capturable"": 0, ""last_payment_error"": null, ""setup_future_usage"": null, ""cancellation_reason"": null, ""confirmation_method"": ""automatic"", ""payment_method_types"": [""card"", ""klarna"", ""link"", ""cashapp"", ""amazon_pay""], ""statement_descriptor"": null, ""application_fee_amount"": null, ""payment_method_options"": {""card"": {""network"": null, ""installments"": null, ""mandate_options"": null, ""request_three_d_secure"": ""automatic""}, ""link"": {""persistent_token"": null}, ""klarna"": {""preferred_locale"": null}, ""cashapp"": {}, ""amazon_pay"": {""express_checkout_element_session_id"": null}}, ""automatic_payment_methods"": {""enabled"": true, ""allow_redirects"": ""always""}, ""statement_descriptor_suffix"": null, ""excluded_payment_method_types"": null, ""payment_method_configuration_details"": {""id"": ""pmc_1RepcM2Ng8vHl391FBxLc5tB"", ""parent"": null}}",,180,,0,0,f,,f,,f,,0,0
pay-tid-qki0mjdb-idqk2qpm6m,oid-tid-qki0mjdb-iu0zjrk6,tid-qki0mjdb,600,USD,paypal,pending,,,,,,,,,,,,{},,2026-04-22 22:15:20.041,2026-04-22 22:15:20.026,paypal,,0,600,{},,18,,0,0,f,,t,10.00,f,,0,0
pay-tid-qki0mjdb-azi1w8xnvo,oid-tid-qki0mjdb-9x7iwh56,tid-qki0mjdb,600,USD,paypal,pending,,,,,,,,,,,,{},,2026-04-22 22:15:20.292,2026-04-22 22:15:20.284,paypal,,0,600,{},,18,,0,0,f,,t,10.00,f,,0,0
pay-tid-qki0mjdb-yig6ab1ks8,oid-tid-qki0mjdb-k70v0ayf,tid-qki0mjdb,600,USD,paypal,pending,,,,,,,,,,,,{},,2026-04-22 22:16:00.85,2026-04-22 22:16:00.844,paypal,,0,600,{},,18,,0,0,f,,t,10.00,f,,0,0
pay-tid-qki0mjdb-uxxhabhnab,oid-tid-qki0mjdb-s3l12byz,tid-qki0mjdb,600,USD,paypal,pending,,,,,,,,,,,,{},,2026-04-22 22:16:01.115,2026-04-22 22:16:01.109,paypal,,0,600,{},,18,,0,0,f,,t,10.00,f,,0,0
pay-tid-qki0mjdb-xx5cvyvko1,oid-tid-qki0mjdb-axs2abts,tid-qki0mjdb,600,USD,paypal,pending,,,,,,,,,,,,{},,2026-04-22 22:16:31.752,2026-04-22 22:16:31.636,paypal,,0,600,{},,18,,0,0,f,,t,10.00,f,,0,0
pay-tid-qki0mjdb-v75w5azfbw,oid-tid-qki0mjdb-7l5aapao,tid-qki0mjdb,600,USD,paypal,pending,,,,,,,,,,,,{},,2026-04-22 22:32:48.222,2026-04-22 22:32:48.218,paypal,,0,600,{},,18,,0,0,f,,t,10.00,f,,0,0
pay-R4KG-7yrz6xa5ra,oid-R4KG-hz5oug9w,tid-042hi7ju,23,USD,paypal,pending,,,,,,,,,,,,{},,2026-05-03 10:10:40.729,2026-05-03 10:10:40.728,paypal,,0,23,{},,0,0.00,0,0,t,Free transaction 1/10 this month,t,10.00,f,,0,0
pay-R4KG-cuqhhhmen7,oid-R4KG-7n57rtv2,tid-042hi7ju,23,USD,paypal,pending,,,,,,,,,,,,{},,2026-05-03 10:12:31.682,2026-05-03 10:12:31.68,paypal,,0,23,{},,0,0.00,0,0,t,Free transaction 1/10 this month,t,10.00,f,,0,0
pay-R4KG-pwgxxtvgnx,oid-R4KG-v8eb09lt,tid-042hi7ju,23,USD,paypal,pending,,,,,,,,,,,,{},,2026-05-03 10:14:55.648,2026-05-03 10:14:55.646,paypal,,0,23,{},,0,0.00,0,0,t,Free transaction 1/10 this month,t,10.00,f,,0,0
pay-lujpyviwds,ord-iy7rvaw8ir,tid-m8ijkrnk,5999,USD,paypal,pending,,,,,,,,,,,,{},,2026-01-14 21:32:07.972,2026-01-14 21:32:07.97,paypal,,0,5999,{},,180,,0,0,f,,f,,f,,0,0
pay-skeh4nxdmn,ord-cpn34xk9uu,tid-m8ijkrnk,5999,USD,paypal,pending,,,,,,,,,,,,{},,2026-01-14 21:32:08.001,2026-01-14 21:32:07.999,paypal,,0,5999,{},,180,,0,0,f,,f,,f,,0,0
pay-bbtahmdph6,ord-cpn34xk9uu,tid-m8ijkrnk,5999,USD,credit_card,pending,,pi_3Spbfi2Ng8vHl3911JC2h0N5,,,,,,,,,,{},,2026-01-14 21:32:08.776,2026-01-14 21:32:08.773,square,,0,5999,"{""id"": ""pi_3Spbfi2Ng8vHl3911JC2h0N5"", ""amount"": 5999, ""object"": ""payment_intent"", ""review"": null, ""source"": null, ""status"": ""requires_payment_method"", ""created"": 1768426330, ""invoice"": null, ""currency"": ""usd"", ""customer"": null, ""livemode"": false, ""metadata"": {""order_id"": ""ord-cpn34xk9uu"", ""tenant_id"": ""tid-m8ijkrnk"", ""order_number"": ""ORD-2026-000098-7417"", ""customer_email"": ""niftytek-buyer@gmail.com""}, ""shipping"": null, ""processing"": null, ""application"": null, ""canceled_at"": null, ""description"": null, ""next_action"": null, ""on_behalf_of"": null, ""client_secret"": ""pi_3Spbfi2Ng8vHl3911JC2h0N5_secret_clALDGMsEQRTZeVHG5D5llGug"", ""latest_charge"": null, ""receipt_email"": null, ""transfer_data"": null, ""amount_details"": {""tip"": {}}, ""capture_method"": ""automatic_async"", ""payment_method"": null, ""transfer_group"": null, ""amount_received"": 0, ""customer_account"": null, ""amount_capturable"": 0, ""last_payment_error"": null, ""setup_future_usage"": null, ""cancellation_reason"": null, ""confirmation_method"": ""automatic"", ""payment_method_types"": [""card"", ""klarna"", ""link"", ""cashapp"", ""amazon_pay""], ""statement_descriptor"": null, ""application_fee_amount"": null, ""payment_method_options"": {""card"": {""network"": null, ""installments"": null, ""mandate_options"": null, ""request_three_d_secure"": ""automatic""}, ""link"": {""persistent_token"": null}, ""klarna"": {""preferred_locale"": null}, ""cashapp"": {}, ""amazon_pay"": {""express_checkout_element_session_id"": null}}, ""automatic_payment_methods"": {""enabled"": true, ""allow_redirects"": ""always""}, ""statement_descriptor_suffix"": null, ""excluded_payment_method_types"": null, ""payment_method_configuration_details"": {""id"": ""pmc_1RepcM2Ng8vHl391FBxLc5tB"", ""parent"": null}}",,180,,0,0,f,,f,,f,,0,0
pay-bvbl7gwk83,ord-iy7rvaw8ir,tid-m8ijkrnk,5999,USD,credit_card,pending,,pi_3Spbfi2Ng8vHl39115X2EleP,,,,,,,,,,{},,2026-01-14 21:32:08.79,2026-01-14 21:32:08.788,square,,0,5999,"{""id"": ""pi_3Spbfi2Ng8vHl39115X2EleP"", ""amount"": 5999, ""object"": ""payment_intent"", ""review"": null, ""source"": null, ""status"": ""requires_payment_method"", ""created"": 1768426330, ""invoice"": null, ""currency"": ""usd"", ""customer"": null, ""livemode"": false, ""metadata"": {""order_id"": ""ord-iy7rvaw8ir"", ""tenant_id"": ""tid-m8ijkrnk"", ""order_number"": ""ORD-2026-000096-7386"", ""customer_email"": ""niftytek-buyer@gmail.com""}, ""shipping"": null, ""processing"": null, ""application"": null, ""canceled_at"": null, ""description"": null, ""next_action"": null, ""on_behalf_of"": null, ""client_secret"": ""pi_3Spbfi2Ng8vHl39115X2EleP_secret_PJPfiONB9k2gonP9we5vyjTFu"", ""latest_charge"": null, ""receipt_email"": null, ""transfer_data"": null, ""amount_details"": {""tip"": {}}, ""capture_method"": ""automatic_async"", ""payment_method"": null, ""transfer_group"": null, ""amount_received"": 0, ""customer_account"": null, ""amount_capturable"": 0, ""last_payment_error"": null, ""setup_future_usage"": null, ""cancellation_reason"": null, ""confirmation_method"": ""automatic"", ""payment_method_types"": [""card"", ""klarna"", ""link"", ""cashapp"", ""amazon_pay""], ""statement_descriptor"": null, ""application_fee_amount"": null, ""payment_method_options"": {""card"": {""network"": null, ""installments"": null, ""mandate_options"": null, ""request_three_d_secure"": ""automatic""}, ""link"": {""persistent_token"": null}, ""klarna"": {""preferred_locale"": null}, ""cashapp"": {}, ""amazon_pay"": {""express_checkout_element_session_id"": null}}, ""automatic_payment_methods"": {""enabled"": true, ""allow_redirects"": ""always""}, ""statement_descriptor_suffix"": null, ""excluded_payment_method_types"": null, ""payment_method_configuration_details"": {""id"": ""pmc_1RepcM2Ng8vHl391FBxLc5tB"", ""parent"": null}}",,180,,0,0,f,,f,,f,,0,0
pay-ppgy4d55a9,ord-90xtla6nfr,tid-m8ijkrnk,5999,USD,paypal,pending,,,,,,,,,,,,{},,2026-01-14 21:32:43.566,2026-01-14 21:32:43.564,paypal,,0,5999,{},,180,,0,0,f,,f,,f,,0,0
pay-dlhbi6lkfg,ord-rav8kndbwf,tid-m8ijkrnk,5999,USD,paypal,pending,,,,,,,,,,,,{},,2026-01-14 21:32:43.568,2026-01-14 21:32:43.566,paypal,,0,5999,{},,180,,0,0,f,,f,,f,,0,0
pay-i3tzcql42a,ord-cm1y4pup12,tid-m8ijkrnk,5999,USD,paypal,pending,,,,,,,,,,,,{},,2026-01-14 21:33:26.204,2026-01-14 21:33:26.202,paypal,,0,5999,{},,180,,0,0,f,,f,,f,,0,0
pay-ak09gbciyj,ord-7m3eo13eji,tid-m8ijkrnk,5999,USD,paypal,pending,,,,,,,,,,,,{},,2026-01-14 21:33:26.221,2026-01-14 21:33:26.219,paypal,,0,5999,{},,180,,0,0,f,,f,,f,,0,0
pay-tck864r8ag,ord-cm1y4pup12,tid-m8ijkrnk,5999,USD,credit_card,pending,,pi_3Spbgy2Ng8vHl3910UPdZcaQ,,,,,,,,,,{},,2026-01-14 21:33:26.964,2026-01-14 21:33:26.962,square,,0,5999,"{""id"": ""pi_3Spbgy2Ng8vHl3910UPdZcaQ"", ""amount"": 5999, ""object"": ""payment_intent"", ""review"": null, ""source"": null, ""status"": ""requires_payment_method"", ""created"": 1768426408, ""invoice"": null, ""currency"": ""usd"", ""customer"": null, ""livemode"": false, ""metadata"": {""order_id"": ""ord-cm1y4pup12"", ""tenant_id"": ""tid-m8ijkrnk"", ""order_number"": ""ORD-2026-000097-5640"", ""customer_email"": ""niftytek-buyer@gmail.com""}, ""shipping"": null, ""processing"": null, ""application"": null, ""canceled_at"": null, ""description"": null, ""next_action"": null, ""on_behalf_of"": null, ""client_secret"": ""pi_3Spbgy2Ng8vHl3910UPdZcaQ_secret_hBRTr7rL9ij3LrRNHhvSzAdNM"", ""latest_charge"": null, ""receipt_email"": null, ""transfer_data"": null, ""amount_details"": {""tip"": {}}, ""capture_method"": ""automatic_async"", ""payment_method"": null, ""transfer_group"": null, ""amount_received"": 0, ""customer_account"": null, ""amount_capturable"": 0, ""last_payment_error"": null, ""setup_future_usage"": null, ""cancellation_reason"": null, ""confirmation_method"": ""automatic"", ""payment_method_types"": [""card"", ""klarna"", ""link"", ""cashapp"", ""amazon_pay""], ""statement_descriptor"": null, ""application_fee_amount"": null, ""payment_method_options"": {""card"": {""network"": null, ""installments"": null, ""mandate_options"": null, ""request_three_d_secure"": ""automatic""}, ""link"": {""persistent_token"": null}, ""klarna"": {""preferred_locale"": null}, ""cashapp"": {}, ""amazon_pay"": {""express_checkout_element_session_id"": null}}, ""automatic_payment_methods"": {""enabled"": true, ""allow_redirects"": ""always""}, ""statement_descriptor_suffix"": null, ""excluded_payment_method_types"": null, ""payment_method_configuration_details"": {""id"": ""pmc_1RepcM2Ng8vHl391FBxLc5tB"", ""parent"": null}}",,180,,0,0,f,,f,,f,,0,0
pay-6qpn2k98sj,ord-t67njn6ywy,tid-m8ijkrnk,5999,USD,paypal,pending,,,,,,,,,,,,{},,2026-01-14 21:33:27.605,2026-01-14 21:33:27.604,paypal,,0,5999,{},,180,,0,0,f,,f,,f,,0,0
pay-tid-qki0mjdb-d7kbd62v3e,oid-tid-qki0mjdb-5fr7slat,tid-qki0mjdb,600,USD,paypal,pending,,,,,,,,,,,,{},,2026-04-22 22:27:17.481,2026-04-22 22:27:17.476,paypal,,0,600,{},,18,,0,0,f,,t,10.00,f,,0,0
pay-tid-qki0mjdb-ukr0syifom,oid-tid-qki0mjdb-xr7v8pbb,tid-qki0mjdb,600,USD,paypal,pending,,,,,,,,,,,,{},,2026-04-22 22:32:48.245,2026-04-22 22:32:48.24,paypal,,0,600,{},,18,,0,0,f,,t,10.00,f,,0,0
pay-tid-qki0mjdb-bv9n3p8581,oid-tid-qki0mjdb-h0vwxckt,tid-qki0mjdb,600,USD,paypal,pending,,,,,,,,,,,,{},,2026-04-22 22:32:57.59,2026-04-22 22:32:57.585,paypal,,0,600,{},,18,,0,0,f,,t,10.00,f,,0,0
pay-R4KG-cswlqd87k8,oid-R4KG-pgjs64qb,tid-042hi7ju,23,USD,paypal,pending,,,,,,,,,,,,{},,2026-05-03 10:26:03.309,2026-05-03 10:26:03.308,paypal,,0,23,{},,0,0.00,0,0,t,Free transaction 1/10 this month,t,10.00,f,,0,0
pay-R4KG-o9wfdn2xgh,oid-R4KG-gfq6x2dq,tid-042hi7ju,23,USD,paypal,pending,,,,,,,,,,,,{},,2026-05-03 10:26:03.309,2026-05-03 10:26:03.308,paypal,,0,23,{},,0,0.00,0,0,t,Free transaction 1/10 this month,t,10.00,f,,0,0
pay-0fnsrg4ax0,ord-7m3eo13eji,tid-m8ijkrnk,5999,USD,credit_card,pending,,pi_3Spbgy2Ng8vHl3911qEuMT6h,,,,,,,,,,{},,2026-01-14 21:33:27.001,2026-01-14 21:33:26.999,square,,0,5999,"{""id"": ""pi_3Spbgy2Ng8vHl3911qEuMT6h"", ""amount"": 5999, ""object"": ""payment_intent"", ""review"": null, ""source"": null, ""status"": ""requires_payment_method"", ""created"": 1768426408, ""invoice"": null, ""currency"": ""usd"", ""customer"": null, ""livemode"": false, ""metadata"": {""order_id"": ""ord-7m3eo13eji"", ""tenant_id"": ""tid-m8ijkrnk"", ""order_number"": ""ORD-2026-000092-5654"", ""customer_email"": ""niftytek-buyer@gmail.com""}, ""shipping"": null, ""processing"": null, ""application"": null, ""canceled_at"": null, ""description"": null, ""next_action"": null, ""on_behalf_of"": null, ""client_secret"": ""pi_3Spbgy2Ng8vHl3911qEuMT6h_secret_C0jSoAWdP8oslETOnYy4Mj4qY"", ""latest_charge"": null, ""receipt_email"": null, ""transfer_data"": null, ""amount_details"": {""tip"": {}}, ""capture_method"": ""automatic_async"", ""payment_method"": null, ""transfer_group"": null, ""amount_received"": 0, ""customer_account"": null, ""amount_capturable"": 0, ""last_payment_error"": null, ""setup_future_usage"": null, ""cancellation_reason"": null, ""confirmation_method"": ""automatic"", ""payment_method_types"": [""card"", ""klarna"", ""link"", ""cashapp"", ""amazon_pay""], ""statement_descriptor"": null, ""application_fee_amount"": null, ""payment_method_options"": {""card"": {""network"": null, ""installments"": null, ""mandate_options"": null, ""request_three_d_secure"": ""automatic""}, ""link"": {""persistent_token"": null}, ""klarna"": {""preferred_locale"": null}, ""cashapp"": {}, ""amazon_pay"": {""express_checkout_element_session_id"": null}}, ""automatic_payment_methods"": {""enabled"": true, ""allow_redirects"": ""always""}, ""statement_descriptor_suffix"": null, ""excluded_payment_method_types"": null, ""payment_method_configuration_details"": {""id"": ""pmc_1RepcM2Ng8vHl391FBxLc5tB"", ""parent"": null}}",,180,,0,0,f,,f,,f,,0,0
pay-ob4fetp6v1,ord-eymo1oyov9,tid-m8ijkrnk,5999,USD,paypal,pending,,,,,,,,,,,,{},,2026-01-14 21:33:27.549,2026-01-14 21:33:27.548,paypal,,0,5999,{},,180,,0,0,f,,f,,f,,0,0
pay-t68tkzzkxu,ord-9rkofr18zj,tid-m8ijkrnk,5999,USD,paypal,pending,,,,,,,,,,,,{},,2026-01-14 21:39:32.32,2026-01-14 21:39:32.318,paypal,,0,5999,{},,180,,0,0,f,,f,,f,,0,0
pay-dhzuiqezvf,ord-geheblu9n7,tid-m8ijkrnk,5999,USD,paypal,pending,,,,,,,,,,,,{},,2026-01-14 21:39:32.323,2026-01-14 21:39:32.321,paypal,,0,5999,{},,180,,0,0,f,,f,,f,,0,0
pay-gc310jp7vb,ord-geheblu9n7,tid-m8ijkrnk,5999,USD,credit_card,pending,,pi_3Spbms2Ng8vHl3910krjwBDx,,,,,,,,,,{},,2026-01-14 21:39:33.221,2026-01-14 21:39:33.219,square,,0,5999,"{""id"": ""pi_3Spbms2Ng8vHl3910krjwBDx"", ""amount"": 5999, ""object"": ""payment_intent"", ""review"": null, ""source"": null, ""status"": ""requires_payment_method"", ""created"": 1768426774, ""invoice"": null, ""currency"": ""usd"", ""customer"": null, ""livemode"": false, ""metadata"": {""order_id"": ""ord-geheblu9n7"", ""tenant_id"": ""tid-m8ijkrnk"", ""order_number"": ""ORD-2026-000097-1735"", ""customer_email"": ""niftytek-buyer@gmail.com""}, ""shipping"": null, ""processing"": null, ""application"": null, ""canceled_at"": null, ""description"": null, ""next_action"": null, ""on_behalf_of"": null, ""client_secret"": ""pi_3Spbms2Ng8vHl3910krjwBDx_secret_2howsjq7aNZa0kL8Qw8k9U8Oz"", ""latest_charge"": null, ""receipt_email"": null, ""transfer_data"": null, ""amount_details"": {""tip"": {}}, ""capture_method"": ""automatic_async"", ""payment_method"": null, ""transfer_group"": null, ""amount_received"": 0, ""customer_account"": null, ""amount_capturable"": 0, ""last_payment_error"": null, ""setup_future_usage"": null, ""cancellation_reason"": null, ""confirmation_method"": ""automatic"", ""payment_method_types"": [""card"", ""klarna"", ""link"", ""cashapp"", ""amazon_pay""], ""statement_descriptor"": null, ""application_fee_amount"": null, ""payment_method_options"": {""card"": {""network"": null, ""installments"": null, ""mandate_options"": null, ""request_three_d_secure"": ""automatic""}, ""link"": {""persistent_token"": null}, ""klarna"": {""preferred_locale"": null}, ""cashapp"": {}, ""amazon_pay"": {""express_checkout_element_session_id"": null}}, ""automatic_payment_methods"": {""enabled"": true, ""allow_redirects"": ""always""}, ""statement_descriptor_suffix"": null, ""excluded_payment_method_types"": null, ""payment_method_configuration_details"": {""id"": ""pmc_1RepcM2Ng8vHl391FBxLc5tB"", ""parent"": null}}",,180,,0,0,f,,f,,f,,0,0
pay-79dbrpupde,ord-9rkofr18zj,tid-m8ijkrnk,5999,USD,credit_card,pending,,pi_3Spbms2Ng8vHl3911E6ooUpZ,,,,,,,,,,{},,2026-01-14 21:39:33.22,2026-01-14 21:39:33.217,square,,0,5999,"{""id"": ""pi_3Spbms2Ng8vHl3911E6ooUpZ"", ""amount"": 5999, ""object"": ""payment_intent"", ""review"": null, ""source"": null, ""status"": ""requires_payment_method"", ""created"": 1768426774, ""invoice"": null, ""currency"": ""usd"", ""customer"": null, ""livemode"": false, ""metadata"": {""order_id"": ""ord-9rkofr18zj"", ""tenant_id"": ""tid-m8ijkrnk"", ""order_number"": ""ORD-2026-000097-1736"", ""customer_email"": ""niftytek-buyer@gmail.com""}, ""shipping"": null, ""processing"": null, ""application"": null, ""canceled_at"": null, ""description"": null, ""next_action"": null, ""on_behalf_of"": null, ""client_secret"": ""pi_3Spbms2Ng8vHl3911E6ooUpZ_secret_ldqzsAGfLmGweA6ALAgY5EgE6"", ""latest_charge"": null, ""receipt_email"": null, ""transfer_data"": null, ""amount_details"": {""tip"": {}}, ""capture_method"": ""automatic_async"", ""payment_method"": null, ""transfer_group"": null, ""amount_received"": 0, ""customer_account"": null, ""amount_capturable"": 0, ""last_payment_error"": null, ""setup_future_usage"": null, ""cancellation_reason"": null, ""confirmation_method"": ""automatic"", ""payment_method_types"": [""card"", ""klarna"", ""link"", ""cashapp"", ""amazon_pay""], ""statement_descriptor"": null, ""application_fee_amount"": null, ""payment_method_options"": {""card"": {""network"": null, ""installments"": null, ""mandate_options"": null, ""request_three_d_secure"": ""automatic""}, ""link"": {""persistent_token"": null}, ""klarna"": {""preferred_locale"": null}, ""cashapp"": {}, ""amazon_pay"": {""express_checkout_element_session_id"": null}}, ""automatic_payment_methods"": {""enabled"": true, ""allow_redirects"": ""always""}, ""statement_descriptor_suffix"": null, ""excluded_payment_method_types"": null, ""payment_method_configuration_details"": {""id"": ""pmc_1RepcM2Ng8vHl391FBxLc5tB"", ""parent"": null}}",,180,,0,0,f,,f,,f,,0,0
pay-0le5xvl7uj,ord-sjm7dxz3g8,tid-m8ijkrnk,5999,USD,paypal,pending,,,,,,,,,,,,{},,2026-01-14 21:42:05.071,2026-01-14 21:42:05.07,paypal,,0,5999,{},,180,,0,0,f,,f,,f,,0,0
pay-03rvpopx71,ord-4v5cngxnnj,tid-m8ijkrnk,5999,USD,paypal,pending,,,,,,,,,,,,{},,2026-01-14 21:42:05.069,2026-01-14 21:42:05.068,paypal,,0,5999,{},,180,,0,0,f,,f,,f,,0,0
pay-qe53gjilin,ord-mwvxdgtfdd,tid-m8ijkrnk,5999,USD,paypal,pending,,,,,,,,,,,,{},,2026-01-14 21:45:14.179,2026-01-14 21:45:14.177,paypal,,0,5999,{},,180,,0,0,f,,f,,f,,0,0
pay-k4ar2e8n9j,ord-0q1ga7jodr,tid-m8ijkrnk,5999,USD,paypal,pending,,,,,,,,,,,,{},,2026-01-14 21:45:14.199,2026-01-14 21:45:14.197,paypal,,0,5999,{},,180,,0,0,f,,f,,f,,0,0
pay-i1zq348v93,ord-27h3wpqw7y,tid-m8ijkrnk,5999,USD,paypal,pending,,,,,,,,,,,,{},,2026-01-14 21:50:06.432,2026-01-14 21:50:06.43,paypal,,0,5999,{},,180,,0,0,f,,f,,f,,0,0
pay-tid-qki0mjdb-w5dohmj4dd,oid-tid-qki0mjdb-5p6tjnpc,tid-qki0mjdb,600,USD,paypal,pending,,,,,,,,,,,,{},,2026-04-22 22:27:17.485,2026-04-22 22:27:17.481,paypal,,0,600,{},,18,,0,0,f,,t,10.00,f,,0,0
pay-R4KG-ughq2taxh7,oid-R4KG-029bxuww,tid-042hi7ju,23,USD,paypal,pending,,,,,,,,,,,,{},,2026-05-03 10:29:19.791,2026-05-03 10:29:19.79,paypal,,0,23,{},,0,0.00,0,0,t,Free transaction 1/10 this month,t,10.00,f,,0,0
pay-q6emhyv4eg,ord-0q1ga7jodr,tid-m8ijkrnk,5999,USD,credit_card,pending,,pi_3SpbsO2Ng8vHl3911fa9TomF,,,,,,,,,,{},,2026-01-14 21:45:15.134,2026-01-14 21:45:15.131,square,,0,5999,"{""id"": ""pi_3SpbsO2Ng8vHl3911fa9TomF"", ""amount"": 5999, ""object"": ""payment_intent"", ""review"": null, ""source"": null, ""status"": ""requires_payment_method"", ""created"": 1768427116, ""invoice"": null, ""currency"": ""usd"", ""customer"": null, ""livemode"": false, ""metadata"": {""order_id"": ""ord-0q1ga7jodr"", ""tenant_id"": ""tid-m8ijkrnk"", ""order_number"": ""ORD-2026-000099-3590"", ""customer_email"": ""niftytek-buyer@gmail.com""}, ""shipping"": null, ""processing"": null, ""application"": null, ""canceled_at"": null, ""description"": null, ""next_action"": null, ""on_behalf_of"": null, ""client_secret"": ""pi_3SpbsO2Ng8vHl3911fa9TomF_secret_zxCthIjNZIwJsP1TikwidZA0c"", ""latest_charge"": null, ""receipt_email"": null, ""transfer_data"": null, ""amount_details"": {""tip"": {}}, ""capture_method"": ""automatic_async"", ""payment_method"": null, ""transfer_group"": null, ""amount_received"": 0, ""customer_account"": null, ""amount_capturable"": 0, ""last_payment_error"": null, ""setup_future_usage"": null, ""cancellation_reason"": null, ""confirmation_method"": ""automatic"", ""payment_method_types"": [""card"", ""klarna"", ""link"", ""cashapp"", ""amazon_pay""], ""statement_descriptor"": null, ""application_fee_amount"": null, ""payment_method_options"": {""card"": {""network"": null, ""installments"": null, ""mandate_options"": null, ""request_three_d_secure"": ""automatic""}, ""link"": {""persistent_token"": null}, ""klarna"": {""preferred_locale"": null}, ""cashapp"": {}, ""amazon_pay"": {""express_checkout_element_session_id"": null}}, ""automatic_payment_methods"": {""enabled"": true, ""allow_redirects"": ""always""}, ""statement_descriptor_suffix"": null, ""excluded_payment_method_types"": null, ""payment_method_configuration_details"": {""id"": ""pmc_1RepcM2Ng8vHl391FBxLc5tB"", ""parent"": null}}",,180,,0,0,f,,f,,f,,0,0
pay-tid-qki0mjdb-k7bjhv7ab4,oid-tid-qki0mjdb-02xhxhkr,tid-qki0mjdb,600,USD,paypal,pending,,,,,,,,,,,,{},,2026-04-22 22:32:57.572,2026-04-22 22:32:57.567,paypal,,0,600,{},,18,,0,0,f,,t,10.00,f,,0,0
pay-R4KG-y17kq11847,oid-R4KG-52hg4j0c,tid-042hi7ju,23,USD,paypal,pending,,,,,,,,,,,,{},,2026-05-03 10:29:19.881,2026-05-03 10:29:19.879,paypal,,0,23,{},,0,0.00,0,0,t,Free transaction 1/10 this month,t,10.00,f,,0,0
pay-ryn9flbzg8,ord-mwvxdgtfdd,tid-m8ijkrnk,5999,USD,credit_card,pending,,pi_3SpbsO2Ng8vHl3911hYazq8H,,,,,,,,,,{},,2026-01-14 21:45:15.141,2026-01-14 21:45:15.14,square,,0,5999,"{""id"": ""pi_3SpbsO2Ng8vHl3911hYazq8H"", ""amount"": 5999, ""object"": ""payment_intent"", ""review"": null, ""source"": null, ""status"": ""requires_payment_method"", ""created"": 1768427116, ""invoice"": null, ""currency"": ""usd"", ""customer"": null, ""livemode"": false, ""metadata"": {""order_id"": ""ord-mwvxdgtfdd"", ""tenant_id"": ""tid-m8ijkrnk"", ""order_number"": ""ORD-2026-000096-3571"", ""customer_email"": ""niftytek-buyer@gmail.com""}, ""shipping"": null, ""processing"": null, ""application"": null, ""canceled_at"": null, ""description"": null, ""next_action"": null, ""on_behalf_of"": null, ""client_secret"": ""pi_3SpbsO2Ng8vHl3911hYazq8H_secret_1PwA5SzANA8FfKzabE5Jy04y9"", ""latest_charge"": null, ""receipt_email"": null, ""transfer_data"": null, ""amount_details"": {""tip"": {}}, ""capture_method"": ""automatic_async"", ""payment_method"": null, ""transfer_group"": null, ""amount_received"": 0, ""customer_account"": null, ""amount_capturable"": 0, ""last_payment_error"": null, ""setup_future_usage"": null, ""cancellation_reason"": null, ""confirmation_method"": ""automatic"", ""payment_method_types"": [""card"", ""klarna"", ""link"", ""cashapp"", ""amazon_pay""], ""statement_descriptor"": null, ""application_fee_amount"": null, ""payment_method_options"": {""card"": {""network"": null, ""installments"": null, ""mandate_options"": null, ""request_three_d_secure"": ""automatic""}, ""link"": {""persistent_token"": null}, ""klarna"": {""preferred_locale"": null}, ""cashapp"": {}, ""amazon_pay"": {""express_checkout_element_session_id"": null}}, ""automatic_payment_methods"": {""enabled"": true, ""allow_redirects"": ""always""}, ""statement_descriptor_suffix"": null, ""excluded_payment_method_types"": null, ""payment_method_configuration_details"": {""id"": ""pmc_1RepcM2Ng8vHl391FBxLc5tB"", ""parent"": null}}",,180,,0,0,f,,f,,f,,0,0
pay-slbdlgj1x7,ord-qkrd20j854,tid-m8ijkrnk,5999,USD,paypal,pending,,,,,,,,,,,,{},,2026-01-14 21:50:06.466,2026-01-14 21:50:06.465,paypal,,0,5999,{},,180,,0,0,f,,f,,f,,0,0
pay-63du423a0h,ord-1fzq024fvj,tid-m8ijkrnk,5999,USD,paypal,pending,,,,,,,,,,,,{},,2026-01-14 21:52:52.791,2026-01-14 21:52:52.79,paypal,,0,5999,{},,180,,0,0,f,,f,,f,,0,0
pay-m8j0lfm866,ord-ov46ylcprp,tid-m8ijkrnk,5999,USD,paypal,pending,,,,,,,,,,,,{},,2026-01-14 21:52:52.79,2026-01-14 21:52:52.788,paypal,,0,5999,{},,180,,0,0,f,,f,,f,,0,0
pay-gukxmtnvcj,ord-1fzq024fvj,tid-m8ijkrnk,5999,USD,credit_card,pending,,pi_3Spbzn2Ng8vHl3910sScsSIv,,,,,,,,,,{},,2026-01-14 21:52:53.646,2026-01-14 21:52:53.645,square,,0,5999,"{""id"": ""pi_3Spbzn2Ng8vHl3910sScsSIv"", ""amount"": 5999, ""object"": ""payment_intent"", ""review"": null, ""source"": null, ""status"": ""requires_payment_method"", ""created"": 1768427575, ""invoice"": null, ""currency"": ""usd"", ""customer"": null, ""livemode"": false, ""metadata"": {""order_id"": ""ord-1fzq024fvj"", ""tenant_id"": ""tid-m8ijkrnk"", ""order_number"": ""ORD-2026-000093-2186"", ""customer_email"": ""niftytek-buyer@gmail.com""}, ""shipping"": null, ""processing"": null, ""application"": null, ""canceled_at"": null, ""description"": null, ""next_action"": null, ""on_behalf_of"": null, ""client_secret"": ""pi_3Spbzn2Ng8vHl3910sScsSIv_secret_4WwTtQtDpw8IYtOeD5HXcSMBL"", ""latest_charge"": null, ""receipt_email"": null, ""transfer_data"": null, ""amount_details"": {""tip"": {}}, ""capture_method"": ""automatic_async"", ""payment_method"": null, ""transfer_group"": null, ""amount_received"": 0, ""customer_account"": null, ""amount_capturable"": 0, ""last_payment_error"": null, ""setup_future_usage"": null, ""cancellation_reason"": null, ""confirmation_method"": ""automatic"", ""payment_method_types"": [""card"", ""klarna"", ""link"", ""cashapp"", ""amazon_pay""], ""statement_descriptor"": null, ""application_fee_amount"": null, ""payment_method_options"": {""card"": {""network"": null, ""installments"": null, ""mandate_options"": null, ""request_three_d_secure"": ""automatic""}, ""link"": {""persistent_token"": null}, ""klarna"": {""preferred_locale"": null}, ""cashapp"": {}, ""amazon_pay"": {""express_checkout_element_session_id"": null}}, ""automatic_payment_methods"": {""enabled"": true, ""allow_redirects"": ""always""}, ""statement_descriptor_suffix"": null, ""excluded_payment_method_types"": null, ""payment_method_configuration_details"": {""id"": ""pmc_1RepcM2Ng8vHl391FBxLc5tB"", ""parent"": null}}",,180,,0,0,f,,f,,f,,0,0
pay-i9jrp40czh,ord-ov46ylcprp,tid-m8ijkrnk,5999,USD,credit_card,pending,,pi_3Spbzn2Ng8vHl391041T7WCb,,,,,,,,,,{},,2026-01-14 21:52:53.703,2026-01-14 21:52:53.702,square,,0,5999,"{""id"": ""pi_3Spbzn2Ng8vHl391041T7WCb"", ""amount"": 5999, ""object"": ""payment_intent"", ""review"": null, ""source"": null, ""status"": ""requires_payment_method"", ""created"": 1768427575, ""invoice"": null, ""currency"": ""usd"", ""customer"": null, ""livemode"": false, ""metadata"": {""order_id"": ""ord-ov46ylcprp"", ""tenant_id"": ""tid-m8ijkrnk"", ""order_number"": ""ORD-2026-000098-2183"", ""customer_email"": ""niftytek-buyer@gmail.com""}, ""shipping"": null, ""processing"": null, ""application"": null, ""canceled_at"": null, ""description"": null, ""next_action"": null, ""on_behalf_of"": null, ""client_secret"": ""pi_3Spbzn2Ng8vHl391041T7WCb_secret_B2KltHoslIXmY5I2nvSlYgvEM"", ""latest_charge"": null, ""receipt_email"": null, ""transfer_data"": null, ""amount_details"": {""tip"": {}}, ""capture_method"": ""automatic_async"", ""payment_method"": null, ""transfer_group"": null, ""amount_received"": 0, ""customer_account"": null, ""amount_capturable"": 0, ""last_payment_error"": null, ""setup_future_usage"": null, ""cancellation_reason"": null, ""confirmation_method"": ""automatic"", ""payment_method_types"": [""card"", ""klarna"", ""link"", ""cashapp"", ""amazon_pay""], ""statement_descriptor"": null, ""application_fee_amount"": null, ""payment_method_options"": {""card"": {""network"": null, ""installments"": null, ""mandate_options"": null, ""request_three_d_secure"": ""automatic""}, ""link"": {""persistent_token"": null}, ""klarna"": {""preferred_locale"": null}, ""cashapp"": {}, ""amazon_pay"": {""express_checkout_element_session_id"": null}}, ""automatic_payment_methods"": {""enabled"": true, ""allow_redirects"": ""always""}, ""statement_descriptor_suffix"": null, ""excluded_payment_method_types"": null, ""payment_method_configuration_details"": {""id"": ""pmc_1RepcM2Ng8vHl391FBxLc5tB"", ""parent"": null}}",,180,,0,0,f,,f,,f,,0,0
pay-mk9ilrxuzq,ord-f2joqprvyp,tid-m8ijkrnk,5999,USD,paypal,pending,,,,,,,,,,,,{},,2026-01-14 22:08:26.863,2026-01-14 22:08:26.861,paypal,,0,5999,{},,180,,0,0,f,,f,,f,,0,0
pay-961dc4df7h,ord-quaru50jn9,tid-m8ijkrnk,5999,USD,paypal,pending,,,,,,,,,,,,{},,2026-01-14 22:08:26.865,2026-01-14 22:08:26.863,paypal,,0,5999,{},,180,,0,0,f,,f,,f,,0,0
pay-0t3v7wgoh0,ord-5572j6cmdj,tid-m8ijkrnk,170,USD,paypal,pending,,,,,,,,,,,,{},,2026-01-16 00:11:49.824,2026-01-16 00:11:49.816,paypal,,0,170,{},,5,,0,0,f,,f,,f,,0,0
pay-tid-qki0mjdb-xpyyqwxj7u,oid-tid-qki0mjdb-dlr2c2uh,tid-qki0mjdb,600,USD,paypal,pending,,,,,,,,,,,,{},,2026-04-22 22:49:49.572,2026-04-22 22:49:49.568,paypal,,0,600,{},,18,,0,0,f,,t,10.00,f,,0,0
pay-b55pj3saiw,ord-o4pep7yqgh,tid-m8ijkrnk,170,USD,paypal,pending,,9P611607AF461363J,,,,,,,,,,{},,2026-01-16 00:11:49.853,2026-01-16 00:12:05.44981,paypal,,0,170,{},,5,,0,0,f,,f,,f,,0,0
pay-tid-qki0mjdb-qppjwg3wlm,oid-tid-qki0mjdb-jrytgz83,tid-qki0mjdb,600,USD,paypal,pending,,,,,,,,,,,,{},,2026-04-22 22:49:49.566,2026-04-22 22:49:49.561,paypal,,0,600,{},,18,,0,0,f,,t,10.00,f,,0,0
pay-5ifdsn298n,ord-zw3f9j2whx,tid-m8ijkrnk,170,USD,paypal,pending,,,,,,,,,,,,{},,2026-01-16 00:13:19.1,2026-01-16 00:13:19.094,paypal,,0,170,{},,5,,0,0,f,,f,,f,,0,0
pay-R4KG-67xotkp3x5,oid-R4KG-p86avdqf,tid-042hi7ju,23,USD,paypal,pending,,,,,,,,,,,,{},,2026-05-03 10:56:51.687,2026-05-03 10:56:51.686,paypal,,0,23,{},,0,0.00,0,0,t,Free transaction 1/10 this month,t,10.00,f,,0,0
pay-R4KG-x225k1f39e,oid-R4KG-m6a4nbt3,tid-042hi7ju,23,USD,paypal,pending,,,,,,,,,,,,{},,2026-05-03 10:56:58.223,2026-05-03 10:56:58.222,paypal,,0,23,{},,0,0.00,0,0,t,Free transaction 1/10 this month,t,10.00,f,,0,0
pay-ixifoftbat,ord-4jdukxfmyt,tid-m8ijkrnk,170,USD,paypal,paid,,,,,,,,,,,,{},,2026-01-16 00:13:19.072,2026-01-16 00:14:02.884726,paypal,,0,170,"{""id"": ""9P611607AF461363J"", ""links"": [{""rel"": ""self"", ""href"": ""https://api.sandbox.paypal.com/v2/checkout/orders/9P611607AF461363J"", ""method"": ""GET""}], ""payer"": {""name"": {""surname"": ""Doe"", ""given_name"": ""John""}, ""address"": {""country_code"": ""US""}, ""payer_id"": ""UEEQHZ95KZ8GY"", ""email_address"": ""niftytek-buyer@gmail.com""}, ""status"": ""COMPLETED"", ""payment_source"": {""paypal"": {""name"": {""surname"": ""Doe"", ""given_name"": ""John""}, ""address"": {""country_code"": ""US""}, ""account_id"": ""UEEQHZ95KZ8GY"", ""email_address"": ""niftytek-buyer@gmail.com"", ""account_status"": ""VERIFIED""}}, ""purchase_units"": [{""payments"": {""captures"": [{""id"": ""05J540135L755460K"", ""links"": [{""rel"": ""self"", ""href"": ""https://api.sandbox.paypal.com/v2/payments/captures/05J540135L755460K"", ""method"": ""GET""}, {""rel"": ""refund"", ""href"": ""https://api.sandbox.paypal.com/v2/payments/captures/05J540135L755460K/refund"", ""method"": ""POST""}, {""rel"": ""up"", ""href"": ""https://api.sandbox.paypal.com/v2/checkout/orders/9P611607AF461363J"", ""method"": ""GET""}], ""amount"": {""value"": ""1.71"", ""currency_code"": ""USD""}, ""status"": ""COMPLETED"", ""create_time"": ""2026-01-16T00:14:02Z"", ""update_time"": ""2026-01-16T00:14:02Z"", ""final_capture"": true, ""seller_protection"": {""status"": ""ELIGIBLE"", ""dispute_categories"": [""ITEM_NOT_RECEIVED"", ""UNAUTHORIZED_TRANSACTION""]}, ""seller_receivable_breakdown"": {""net_amount"": {""value"": ""1.16"", ""currency_code"": ""USD""}, ""paypal_fee"": {""value"": ""0.55"", ""currency_code"": ""USD""}, ""gross_amount"": {""value"": ""1.71"", ""currency_code"": ""USD""}}}]}, ""shipping"": {""name"": {""full_name"": ""John Doe""}, ""address"": {""postal_code"": ""95131"", ""admin_area_1"": ""CA"", ""admin_area_2"": ""San Jose"", ""country_code"": ""US"", ""address_line_1"": ""1 Main St""}}, ""reference_id"": ""ord-o4pep7yqgh""}]}",,5,,0,0,f,,f,,f,,0,0
pay-xnqda5flew,ord-232lhp3kya,tid-m8ijkrnk,59,USD,paypal,pending,,,,,,,,,,,,{},,2026-01-16 00:19:03.042,2026-01-16 00:19:03.04,paypal,,0,59,{},,2,,0,0,f,,f,,f,,0,0
pay-bu04oujszl,ord-utqhme3maw,tid-m8ijkrnk,8598,USD,paypal,pending,,,,,,,,,,,,{},,2026-01-16 00:25:07.78,2026-01-16 00:25:07.778,paypal,,0,8598,{},,258,,0,0,f,,f,,f,,0,0
pay-tid-jcvzufq2-5hsy8zwpc4,oid-tid-jcvzufq2-ngtnshpv,tid-jcvzufq2,660,USD,paypal,pending,,,,,,,,,,,,{},,2026-04-22 22:56:15.082,2026-04-22 22:56:15.078,paypal,,0,660,{},,20,,0,0,f,,t,10.00,f,,0,0
pay-R4KG-lhuz8lfqc9,oid-R4KG-jelpl83x,tid-042hi7ju,23,USD,paypal,pending,,,,,,,,,,,,{},,2026-05-03 10:56:51.715,2026-05-03 10:56:51.714,paypal,,0,23,{},,0,0.00,0,0,t,Free transaction 1/10 this month,t,10.00,f,,0,0
pay-R4KG-bpb2preq7j,oid-R4KG-uhkrjuy2,tid-042hi7ju,23,USD,paypal,pending,,,,,,,,,,,,{},,2026-05-03 10:56:58.162,2026-05-03 10:56:58.161,paypal,,0,23,{},,0,0.00,0,0,t,Free transaction 1/10 this month,t,10.00,f,,0,0
pay-zdbp6668u4,ord-ecqaubos4w,tid-m8ijkrnk,59,USD,paypal,paid,,59413365KG012942A,,,,,,,,,,{},,2026-01-16 00:19:03.302,2026-01-16 00:20:34.366084,paypal,,0,59,"{""id"": ""59413365KG012942A"", ""links"": [{""rel"": ""self"", ""href"": ""https://api.sandbox.paypal.com/v2/checkout/orders/59413365KG012942A"", ""method"": ""GET""}], ""payer"": {""name"": {""surname"": ""Doe"", ""given_name"": ""John""}, ""address"": {""country_code"": ""US""}, ""payer_id"": ""UEEQHZ95KZ8GY"", ""email_address"": ""niftytek-buyer@gmail.com""}, ""status"": ""COMPLETED"", ""payment_source"": {""paypal"": {""name"": {""surname"": ""Doe"", ""given_name"": ""John""}, ""address"": {""country_code"": ""US""}, ""account_id"": ""UEEQHZ95KZ8GY"", ""email_address"": ""niftytek-buyer@gmail.com"", ""account_status"": ""VERIFIED""}}, ""purchase_units"": [{""payments"": {""captures"": [{""id"": ""62J31617N9140760U"", ""links"": [{""rel"": ""self"", ""href"": ""https://api.sandbox.paypal.com/v2/payments/captures/62J31617N9140760U"", ""method"": ""GET""}, {""rel"": ""refund"", ""href"": ""https://api.sandbox.paypal.com/v2/payments/captures/62J31617N9140760U/refund"", ""method"": ""POST""}, {""rel"": ""up"", ""href"": ""https://api.sandbox.paypal.com/v2/checkout/orders/59413365KG012942A"", ""method"": ""GET""}], ""amount"": {""value"": ""0.60"", ""currency_code"": ""USD""}, ""status"": ""COMPLETED"", ""create_time"": ""2026-01-16T00:20:33Z"", ""update_time"": ""2026-01-16T00:20:33Z"", ""final_capture"": true, ""seller_protection"": {""status"": ""ELIGIBLE"", ""dispute_categories"": [""ITEM_NOT_RECEIVED"", ""UNAUTHORIZED_TRANSACTION""]}, ""seller_receivable_breakdown"": {""net_amount"": {""value"": ""0.09"", ""currency_code"": ""USD""}, ""paypal_fee"": {""value"": ""0.51"", ""currency_code"": ""USD""}, ""gross_amount"": {""value"": ""0.60"", ""currency_code"": ""USD""}}}]}, ""shipping"": {""name"": {""full_name"": ""John Doe""}, ""address"": {""postal_code"": ""95131"", ""admin_area_1"": ""CA"", ""admin_area_2"": ""San Jose"", ""country_code"": ""US"", ""address_line_1"": ""1 Main St""}}, ""reference_id"": ""ord-ecqaubos4w""}]}",,2,,0,0,f,,f,,f,,0,0
pay-tid-jcvzufq2-lr9u2qr0d6,oid-tid-jcvzufq2-b101og5l,tid-jcvzufq2,660,USD,paypal,pending,,,,,,,,,,,,{},,2026-04-22 22:56:15.128,2026-04-22 22:56:15.121,paypal,,0,660,{},,20,,0,0,f,,t,10.00,f,,0,0
pay-tid-jcvzufq2-9blsrt2m7f,oid-tid-jcvzufq2-opbvd5y7,tid-jcvzufq2,660,USD,paypal,pending,,,,,,,,,,,,{},,2026-04-22 23:05:07.006,2026-04-22 23:05:07.001,paypal,,0,660,{},,20,,0,0,f,,t,10.00,f,,0,0
pay-e3mbv41zse,ord-g4p0e1en7f,tid-m8ijkrnk,8598,USD,paypal,paid,,03J934688K9681356,,,,,,,,,,{},,2026-01-16 00:25:07.773,2026-01-16 00:25:28.458731,paypal,,0,8598,"{""id"": ""03J934688K9681356"", ""links"": [{""rel"": ""self"", ""href"": ""https://api.sandbox.paypal.com/v2/checkout/orders/03J934688K9681356"", ""method"": ""GET""}], ""payer"": {""name"": {""surname"": ""Doe"", ""given_name"": ""John""}, ""address"": {""country_code"": ""US""}, ""payer_id"": ""UEEQHZ95KZ8GY"", ""email_address"": ""niftytek-buyer@gmail.com""}, ""status"": ""COMPLETED"", ""payment_source"": {""paypal"": {""name"": {""surname"": ""Doe"", ""given_name"": ""John""}, ""address"": {""country_code"": ""US""}, ""account_id"": ""UEEQHZ95KZ8GY"", ""email_address"": ""niftytek-buyer@gmail.com"", ""account_status"": ""VERIFIED""}}, ""purchase_units"": [{""payments"": {""captures"": [{""id"": ""36D20145L31373621"", ""links"": [{""rel"": ""self"", ""href"": ""https://api.sandbox.paypal.com/v2/payments/captures/36D20145L31373621"", ""method"": ""GET""}, {""rel"": ""refund"", ""href"": ""https://api.sandbox.paypal.com/v2/payments/captures/36D20145L31373621/refund"", ""method"": ""POST""}, {""rel"": ""up"", ""href"": ""https://api.sandbox.paypal.com/v2/checkout/orders/03J934688K9681356"", ""method"": ""GET""}], ""amount"": {""value"": ""85.98"", ""currency_code"": ""USD""}, ""status"": ""COMPLETED"", ""create_time"": ""2026-01-16T00:25:27Z"", ""update_time"": ""2026-01-16T00:25:27Z"", ""final_capture"": true, ""seller_protection"": {""status"": ""ELIGIBLE"", ""dispute_categories"": [""ITEM_NOT_RECEIVED"", ""UNAUTHORIZED_TRANSACTION""]}, ""seller_receivable_breakdown"": {""net_amount"": {""value"": ""82.49"", ""currency_code"": ""USD""}, ""paypal_fee"": {""value"": ""3.49"", ""currency_code"": ""USD""}, ""gross_amount"": {""value"": ""85.98"", ""currency_code"": ""USD""}}}]}, ""shipping"": {""name"": {""full_name"": ""John Doe""}, ""address"": {""postal_code"": ""95131"", ""admin_area_1"": ""CA"", ""admin_area_2"": ""San Jose"", ""country_code"": ""US"", ""address_line_1"": ""1 Main St""}}, ""reference_id"": ""ord-g4p0e1en7f""}]}",,258,,0,0,f,,f,,f,,0,0
pay-jj91iketpd,ord-neelnedmtx,tid-m8ijkrnk,13598,USD,paypal,pending,,,,,,,,,,,,{},,2026-01-16 07:12:20.644,2026-01-16 07:12:20.642,paypal,,0,13598,{},,408,,0,0,f,,f,,f,,0,0
pay-w88s2vxhru,ord-f0pu3gxtss,tid-m8ijkrnk,13598,USD,paypal,paid,,39323716CP1459126,,,,,,,,,,{},,2026-01-16 07:12:20.638,2026-01-16 07:12:38.126212,paypal,,0,13598,"{""id"": ""39323716CP1459126"", ""links"": [{""rel"": ""self"", ""href"": ""https://api.sandbox.paypal.com/v2/checkout/orders/39323716CP1459126"", ""method"": ""GET""}], ""payer"": {""name"": {""surname"": ""Doe"", ""given_name"": ""John""}, ""address"": {""country_code"": ""US""}, ""payer_id"": ""UEEQHZ95KZ8GY"", ""email_address"": ""niftytek-buyer@gmail.com""}, ""status"": ""COMPLETED"", ""payment_source"": {""paypal"": {""name"": {""surname"": ""Doe"", ""given_name"": ""John""}, ""address"": {""country_code"": ""US""}, ""account_id"": ""UEEQHZ95KZ8GY"", ""email_address"": ""niftytek-buyer@gmail.com"", ""account_status"": ""VERIFIED""}}, ""purchase_units"": [{""payments"": {""captures"": [{""id"": ""3TH119367B6815501"", ""links"": [{""rel"": ""self"", ""href"": ""https://api.sandbox.paypal.com/v2/payments/captures/3TH119367B6815501"", ""method"": ""GET""}, {""rel"": ""refund"", ""href"": ""https://api.sandbox.paypal.com/v2/payments/captures/3TH119367B6815501/refund"", ""method"": ""POST""}, {""rel"": ""up"", ""href"": ""https://api.sandbox.paypal.com/v2/checkout/orders/39323716CP1459126"", ""method"": ""GET""}], ""amount"": {""value"": ""135.98"", ""currency_code"": ""USD""}, ""status"": ""COMPLETED"", ""create_time"": ""2026-01-16T07:12:37Z"", ""update_time"": ""2026-01-16T07:12:37Z"", ""final_capture"": true, ""seller_protection"": {""status"": ""ELIGIBLE"", ""dispute_categories"": [""ITEM_NOT_RECEIVED"", ""UNAUTHORIZED_TRANSACTION""]}, ""seller_receivable_breakdown"": {""net_amount"": {""value"": ""130.74"", ""currency_code"": ""USD""}, ""paypal_fee"": {""value"": ""5.24"", ""currency_code"": ""USD""}, ""gross_amount"": {""value"": ""135.98"", ""currency_code"": ""USD""}}}]}, ""shipping"": {""name"": {""full_name"": ""John Doe""}, ""address"": {""postal_code"": ""95131"", ""admin_area_1"": ""CA"", ""admin_area_2"": ""San Jose"", ""country_code"": ""US"", ""address_line_1"": ""1 Main St""}}, ""reference_id"": ""ord-f0pu3gxtss""}]}",,408,,0,0,f,,f,,f,,0,0
